enhanced_001-0.png,1,0,18,57,1,0.19339623 ,0.48701299 ,0.71910112 ,0.72340426 ,0.28099174 ,0.89743590 ,0.40740741 ,0.70128388 ,0.88352745 ,0.16867470 ,0.76274643 ,0.66066066 ,0.52182163 ,0.34000000 ,0.21983507 
enhanced_001-2.png,1,1,11,59,1,0.48113208 ,0.22857143 ,0.59550562 ,0.46808511 ,0.42975207 ,0.75457876 ,0.48677249 ,0.61369472 ,0.50915141 ,0.42168675 ,0.34330388 ,0.71021021 ,0.25711575 ,0.17666667 ,0.04260706 
enhanced_002-0.png,2,0,30,58,0,0.47368421 ,0.70772443 ,0.72815534 ,0.51851852 ,0.29268293 ,0.70807453 ,0.26213592 ,0.53460491 ,0.73961661 ,0.33847981 ,0.64139021 ,0.53415301 ,1.00000000 ,0.10561056 ,0.01425997 
enhanced_002-1.png,2,0,30,59,0,0.35672515 ,1.00000000 ,0.55339806 ,0.67901235 ,0.30894309 ,0.63043478 ,0.31067961 ,0.33869210 ,0.82587859 ,0.31828979 ,0.74502370 ,0.64207650 ,0.57026477 ,0.12871287 ,0.06720651 
enhanced_002-2.png,2,0,30,60,0,0.47368421 ,0.25887265 ,0.75728155 ,0.70370370 ,0.19512195 ,0.62422360 ,0.24271845 ,0.41471390 ,0.73961661 ,0.27909739 ,0.46319115 ,0.55874317 ,0.31160896 ,0.15511551 ,0.02315855 
enhanced_002-3.png,2,1,28,61,0,0.29824561 ,0.19972164 ,0.60194175 ,0.54320988 ,0.29268293 ,0.69875776 ,0.29126214 ,0.36457766 ,0.71405751 ,0.27078385 ,0.54470774 ,0.57103825 ,0.26816022 ,0.10231023 ,0.02404841 
enhanced_003-0.png,3,1,20,56,1,0.06132076 ,0.40000000 ,0.70786517 ,0.74468085 ,0.27272727 ,0.66666667 ,0.31216931 ,0.73500713 ,0.85357737 ,0.18554217 ,0.83956492 ,0.96996997 ,0.23849146 ,0.22333333 ,0.02054398 
enhanced_005-0.png,5,0,23,53,1,0.18867925 ,0.70779221 ,0.65168539 ,0.88297872 ,0.23140496 ,0.60805861 ,0.35449735 ,0.62396576 ,0.79367721 ,0.25421687 ,0.75254929 ,0.93843844 ,0.26091082 ,0.11333333 ,0.01244213 
enhanced_005-2.png,5,1,19,55,1,0.18867925 ,0.68831169 ,0.46067416 ,0.82978723 ,0.17355372 ,0.62271062 ,0.24867725 ,0.27960057 ,0.69051581 ,0.39277108 ,0.92454113 ,0.61861862 ,0.79127135 ,0.39666667 ,0.22670718 
enhanced_006-2.png,6,0,,72,0,0.17543860 ,0.14335421 ,0.33009709 ,0.66666667 ,0.21138211 ,0.49689441 ,0.26213592 ,0.39019074 ,0.45527157 ,0.58313539 ,0.90110585 ,0.23497268 ,0.24372030 ,0.08250825 ,0.00540589 
enhanced_006-3.png,6,0,,73,0,0.35672515 ,0.08141962 ,0.52427185 ,0.77777778 ,0.39837398 ,0.58695652 ,0.45631068 ,0.60174387 ,0.46006390 ,0.41805226 ,0.44044234 ,0.58743169 ,0.20943652 ,0.12541254 ,0.00182421 
enhanced_006-4.png,6,1,,74,0,0.29824561 ,0.08489910 ,0.66990291 ,0.53086420 ,0.13821138 ,0.68633540 ,0.27184466 ,0.44741144 ,0.71246006 ,0.23634204 ,0.53143760 ,0.68442623 ,0.20081466 ,0.09570957 ,0.00529465 
enhanced_013-0.png,13,0,30,62,0,0.09356725 ,0.31802366 ,0.57281553 ,0.75308642 ,0.17886179 ,0.62111801 ,0.20388350 ,0.34713897 ,0.65015974 ,0.41330166 ,0.98578199 ,0.51775956 ,0.41412084 ,0.66006601 ,0.02182376 
enhanced_013-2.png,13,0,,64,0,0.16959064 ,0.26235212 ,0.30097087 ,0.87654321 ,0.13008130 ,0.40993789 ,0.43689320 ,0.26702997 ,0.45367412 ,0.60451306 ,0.98578199 ,0.32923497 ,0.31500339 ,0.50165017 ,0.04785211 
enhanced_013-3.png,13,0,,65,0,0.12865497 ,0.36673626 ,0.62135922 ,0.82716049 ,0.17886179 ,0.63664596 ,0.29126214 ,0.29700273 ,0.65015974 ,0.42042755 ,0.95917852 ,0.27732240 ,0.25458249 ,0.52475248 ,0.02338102 
enhanced_013-4.png,13,1,30,67,0,0.17543860 ,0.23903967 ,0.49514563 ,0.77777778 ,0.02439024 ,0.55900621 ,0.20388350 ,0.52316076 ,0.59424920 ,0.46674584 ,0.98578199 ,0.35109290 ,0.40122200 ,0.28052805 ,0.03428177 
enhanced_014-2.png,14,1,,78,1,0.17452830 ,0.49350649 ,0.46067416 ,0.60638298 ,0.25619835 ,0.52014652 ,0.38624339 ,0.25962910 ,0.46921797 ,0.62409639 ,0.89231815 ,0.41741742 ,0.68026566 ,0.46000000 ,0.09469039 
enhanced_017-4.png,17,1,30,71,0,0.64912281 ,0.23486430 ,0.69902913 ,0.67901235 ,0.16260163 ,0.69254658 ,0.17475728 ,0.45449591 ,0.73162939 ,0.24465558 ,0.51311216 ,0.57650273 ,0.21384929 ,0.07260726 ,0.02694045 
enhanced_018-0.png,18,1,11,66,1,0.09905660 ,0.15584416 ,0.47191011 ,0.61702128 ,0.48760331 ,0.54578755 ,0.52380952 ,0.59058488 ,0.52911814 ,0.46385542 ,0.74983005 ,0.50600601 ,0.61954459 ,0.30666667 ,0.01703559 
enhanced_021-0.png,21,0,28,73,0,0.18128655 ,0.17466945 ,0.29126214 ,0.55555556 ,0.28455285 ,0.33229814 ,0.33009709 ,0.45340600 ,0.42651757 ,0.59026128 ,0.92195893 ,0.16530055 ,0.21588595 ,0.13201320 ,0.10280083 
enhanced_021-1.png,21,0,30,74,0,0.47368421 ,0.19171886 ,0.65048544 ,0.13580247 ,0.25203252 ,0.73913044 ,0.32038835 ,0.59719346 ,0.67252396 ,0.25653207 ,0.45813586 ,0.58196721 ,0.23150034 ,0.08910891 ,0.01470490 
enhanced_021-2.png,21,0,,75,0,0.16959064 ,0.12804454 ,0.17475728 ,0.86419753 ,0.10569106 ,0.16273292 ,0.36893204 ,0.11716621 ,0.21565495 ,0.80522565 ,0.98578199 ,0.07814208 ,0.27223354 ,0.18151815 ,0.07009855 
enhanced_021-3.png,21,0,,76,0,0.17543860 ,0.19415449 ,0.15533981 ,0.82716049 ,0.34959350 ,0.16273292 ,0.42718447 ,0.41280654 ,0.24440895 ,0.80997625 ,0.98288152 ,0.02581967 ,0.23014257 ,0.12541254 ,0.01959912 
enhanced_021-4.png,21,1,,77,0,0.17543860 ,0.08594294 ,0.08737864 ,0.75308642 ,0.14634146 ,0.11987578 ,0.31067961 ,0.40081744 ,0.16613419 ,0.85629454 ,0.98265403 ,0.01251366 ,0.10006789 ,0.17821782 ,0.05697315 
enhanced_022-0.png,22,0,27,74,0,0.17543860 ,0.27279054 ,0.37864078 ,0.70370370 ,0.24390244 ,0.49378882 ,0.22330097 ,0.41634877 ,0.55750799 ,0.44655582 ,0.94932070 ,0.31284153 ,0.39918534 ,0.40594059 ,0.09123268 
enhanced_022-1.png,22,0,29,80,0,0.16959064 ,0.30410578 ,0.35922330 ,0.90123457 ,0.16260163 ,0.45962733 ,0.19417476 ,0.23433243 ,0.47763578 ,0.58432304 ,0.98578199 ,0.22814208 ,0.20821453 ,0.20132013 ,0.17065249 
enhanced_022-2.png,22,1,,83,0,0.16959064 ,0.14787752 ,0.37864078 ,0.51851852 ,0.29268293 ,0.55279503 ,0.30097087 ,0.31607629 ,0.52555911 ,0.48931116 ,0.98578199 ,0.26502732 ,0.26476578 ,0.14851485 ,0.12793931 
enhanced_033-0.png,33,0,26,63,1,0.33962264 ,0.21753247 ,0.60674157 ,0.35106383 ,0.32231405 ,0.64835165 ,0.40211640 ,0.73069900 ,0.69217970 ,0.35421687 ,0.67573080 ,0.51651652 ,0.59962049 ,0.12666667 ,0.03682002 
enhanced_033-1.png,33,0,27,64,1,0.19811321 ,0.32337662 ,0.55056180 ,0.76595745 ,0.28925620 ,0.58974359 ,0.33333333 ,0.26248217 ,0.72379368 ,0.37108434 ,0.70632223 ,0.81381381 ,0.37286528 ,0.17666667 ,0.05490451 
enhanced_033-2.png,33,0,25,65,1,0.24528302 ,0.34415584 ,0.46067416 ,0.23404255 ,0.36363636 ,0.61538462 ,0.39682540 ,0.77460770 ,0.56073211 ,0.41204819 ,0.51937458 ,0.65615616 ,0.10341556 ,0.09666667 ,0.14822049 
enhanced_033-3.png,33,0,28,66,1,0.23113208 ,0.00000000 ,0.40449438 ,0.31914894 ,0.53719008 ,0.56043956 ,0.60317460 ,0.71069900 ,0.48086523 ,0.42289157 ,0.46159076 ,0.61711712 ,0.45351044 ,0.08000000 ,0.02886285 
enhanced_033-4.png,33,1,,67,1,0.43396226 ,0.10714286 ,0.73033708 ,0.61702128 ,0.42148760 ,0.83882784 ,0.46560847 ,0.71805991 ,0.61564060 ,0.31807229 ,0.39904827 ,0.66216216 ,0.28851992 ,0.03333333 ,0.02669271 
enhanced_034-0.png,34,0,29,70,0,0.15789474 ,0.11621434 ,0.25242718 ,0.60493827 ,0.20325203 ,0.24658385 ,0.29126214 ,0.31880109 ,0.32268371 ,0.71377672 ,0.95355450 ,0.29508197 ,0.11113374 ,0.78217822 ,0.01270272 
enhanced_034-1.png,34,0,28,71,0,0.19883041 ,0.37369520 ,0.32038835 ,0.56790124 ,0.43902439 ,0.46273292 ,0.44660194 ,0.55422343 ,0.72044728 ,0.35866983 ,0.87709321 ,0.66393443 ,0.17834352 ,0.19801980 ,0.03873106 
enhanced_034-2.png,34,0,,72,0,0.23976608 ,0.32498260 ,0.34951456 ,0.60493827 ,0.23577236 ,0.46894410 ,0.26213592 ,0.87711172 ,0.57667732 ,0.48812352 ,0.96625592 ,0.52185792 ,0.13994569 ,0.32673267 ,0.00120131 
enhanced_034-3.png,34,0,,73,0,0.29824561 ,0.24391093 ,0.39805825 ,0.81481482 ,0.20325203 ,0.40372671 ,0.08737864 ,0.46621253 ,0.49041534 ,0.53444181 ,0.83538705 ,0.51092896 ,0.29531568 ,0.70627063 ,0.02004405 
enhanced_034-4.png,34,1,,74,0,0.41520468 ,0.39457203 ,0.68932039 ,0.70370370 ,0.20325203 ,0.74534162 ,0.27184466 ,0.61719346 ,0.71565495 ,0.24940618 ,0.53080569 ,0.75546448 ,0.11704005 ,0.31023102 ,0.02226869 
enhanced_039-0.png,39,1,28,77,1,0.10849057 ,0.10389610 ,0.35955056 ,0.80851064 ,0.31404959 ,0.57142857 ,0.31746032 ,0.64051355 ,0.45590682 ,0.46385542 ,0.64106050 ,0.53303303 ,0.29316888 ,0.24000000 ,0.07262732 
enhanced_045-0.png,45,0,30,65,0,0.00000000 ,0.16771051 ,0.40776699 ,0.76543210 ,0.20325203 ,0.49378882 ,0.17475728 ,0.43787466 ,0.46645367 ,0.58194774 ,0.95406003 ,0.37704918 ,0.29871012 ,0.31353135 ,0.02760784 
enhanced_045-2.png,45,0,,67,0,0.15204678 ,0.11899791 ,0.40776699 ,0.65432099 ,0.29268293 ,0.47826087 ,0.42718447 ,0.60327793 ,0.49520767 ,0.52731591 ,0.71090047 ,0.50819672 ,0.13469111 ,0.02310231 ,0.01870926 
enhanced_045-3.png,45,1,29,68,0,0.11695906 ,0.06158664 ,0.43689320 ,0.43209877 ,0.41463415 ,0.49068323 ,0.34951456 ,0.51117166 ,0.50159744 ,0.50593824 ,0.66034755 ,0.45628415 ,0.13007468 ,0.02640264 ,0.08277903 
enhanced_046-0.png,46,0,23,68,1,0.19339623 ,0.46558442 ,0.48314607 ,0.70212766 ,0.20661157 ,0.63369963 ,0.32804233 ,0.28530671 ,0.55906822 ,0.54337349 ,0.80217539 ,0.40240240 ,0.18671727 ,0.24666667 ,0.02669271 
enhanced_046-2.png,46,1,7,70,1,0.16981132 ,0.46363636 ,0.56179775 ,0.85106383 ,0.09090909 ,0.58974359 ,0.37566138 ,0.21398003 ,0.75873544 ,0.35542169 ,0.79945615 ,0.77477478 ,0.29222011 ,0.18666667 ,0.08817998 
enhanced_049-0.png,49,0,19,56,1,0.21226415 ,0.66883117 ,0.67415730 ,0.46808511 ,0.56198347 ,0.78388278 ,0.44973545 ,0.37945792 ,0.78369384 ,0.33614458 ,0.89306594 ,0.44894895 ,0.78842505 ,0.26333333 ,0.04441551 
enhanced_049-1.png,49,1,19,57,1,0.14150943 ,0.29220779 ,0.40449438 ,0.57446809 ,0.71900826 ,0.71062271 ,0.55555556 ,0.40513552 ,0.77703827 ,0.33855422 ,0.85588035 ,0.50750751 ,0.48766603 ,0.26000000 ,0.13953993 
enhanced_050-0.png,50,1,18,65,1,0.29245283 ,0.33181818 ,0.42696629 ,0.78723404 ,0.09917355 ,0.58241758 ,0.35978836 ,0.35378031 ,0.64559068 ,0.40240964 ,0.75458872 ,0.63963964 ,0.22787476 ,0.18333333 ,0.62384259 
enhanced_052-0.png,52,0,30,67,0,0.16959064 ,0.35977731 ,0.45631068 ,0.82716049 ,0.38211382 ,0.46894410 ,0.18446602 ,0.45912807 ,0.58626198 ,0.49762470 ,0.98578199 ,0.43715847 ,0.43109301 ,0.34323432 ,0.00442704 
enhanced_052-2.png,52,1,,68,0,0.16959064 ,0.19832985 ,0.00000000 ,0.92592593 ,0.25203252 ,0.00000575 ,0.46601942 ,0.88555858 ,0.00000000 ,1.00000000 ,0.98578199 ,0.00000212 ,0.03733876 ,0.31023102 ,0.00529465 
enhanced_053-1.png,53,1,8,59,1,0.18867925 ,0.43246753 ,0.51685393 ,0.52127660 ,0.33884298 ,0.57875458 ,0.34920635 ,0.39372325 ,0.53577371 ,0.52771084 ,0.85662814 ,0.45645646 ,0.42220114 ,0.34333333 ,0.19307002 
enhanced_055-0.png,55,1,30,70,0,0.13450292 ,0.13987474 ,0.43689320 ,0.28395062 ,0.26829268 ,0.48757764 ,0.32038835 ,0.31880109 ,0.51757189 ,0.51306413 ,1.00000000 ,0.33196721 ,0.23285811 ,0.33333333 ,0.17287713 
enhanced_056-0.png,56,0,30,74,0,0.17543860 ,0.13187196 ,0.28155340 ,0.71604938 ,0.24390244 ,0.29161491 ,0.33980583 ,0.21253406 ,0.38338658 ,0.64251782 ,0.98578199 ,0.16256831 ,0.32179226 ,0.10231023 ,0.19000690 
enhanced_056-3.png,56,0,29,77,0,0.16959064 ,0.17084203 ,0.32038835 ,0.69135803 ,0.18699187 ,0.48447205 ,0.10679612 ,0.55885559 ,0.48881789 ,0.59976247 ,0.98578199 ,0.31693989 ,0.41547862 ,0.20462046 ,0.00117906 
enhanced_056-4.png,56,1,,78,0,0.19298246 ,0.16283925 ,0.39805825 ,0.85185185 ,0.06504065 ,0.39751553 ,0.16504854 ,0.66049046 ,0.40255591 ,0.63420428 ,0.90300158 ,0.33879781 ,0.26544467 ,0.23432343 ,0.00729683 
enhanced_057-0.png,57,0,27,83,1,0.11792453 ,0.46233766 ,0.64044944 ,0.42553192 ,0.26446281 ,0.74725275 ,0.29629630 ,0.55863053 ,0.65391015 ,0.44337349 ,0.73011557 ,0.37687688 ,0.27324478 ,0.28666667 ,0.05020255 
enhanced_057-1.png,57,0,24,84,1,0.14150943 ,0.23636364 ,0.43820225 ,0.73404255 ,0.38842975 ,0.59706960 ,0.34391534 ,0.52781740 ,0.47587354 ,0.55542169 ,0.67709042 ,0.42492493 ,0.37760911 ,0.23000000 ,0.04116030 
enhanced_057-2.png,57,1,13,85,1,0.05188679 ,0.64285714 ,0.53932584 ,0.71276596 ,0.17355372 ,0.61538462 ,0.28042328 ,0.38801712 ,0.56073211 ,0.47590361 ,0.69680490 ,0.55705706 ,0.27182163 ,0.37333333 ,0.02235243 
enhanced_059-2.png,59,0,,69,0,0.17543860 ,0.14892136 ,0.42718447 ,0.77777778 ,0.17886179 ,0.45962733 ,0.33009709 ,0.33242507 ,0.50798722 ,0.53681710 ,0.98578199 ,0.34426230 ,0.42769857 ,0.20132013 ,0.04673978 
enhanced_059-3.png,59,0,,70,0,0.18128655 ,0.07933194 ,0.17475728 ,0.69135803 ,0.49593496 ,0.22763975 ,0.46601942 ,0.63324251 ,0.28434505 ,0.72446556 ,0.85244866 ,0.25956284 ,0.34894773 ,0.39273927 ,0.03383685 
enhanced_059-4.png,59,1,,71,0,0.18128655 ,0.07933194 ,0.26213592 ,0.93827161 ,0.03252033 ,0.19534162 ,0.04854369 ,0.35204360 ,0.25559105 ,0.73634204 ,0.87203792 ,0.16530055 ,0.13686354 ,0.40924092 ,0.06386955 
enhanced_061-0.png,61,0,26,74,1,0.29245283 ,0.21948052 ,0.71910112 ,0.56382979 ,0.33884298 ,0.74358974 ,0.37037037 ,0.60798859 ,0.72878536 ,0.28554217 ,0.59007478 ,0.75225225 ,0.26717268 ,0.09000000 ,0.02705440 
enhanced_061-1.png,61,1,27,75,1,0.16981132 ,0.56493507 ,0.44943820 ,0.69148936 ,0.13223141 ,0.43589744 ,0.28571429 ,0.15977176 ,0.44425957 ,0.69638554 ,0.98660775 ,0.20270270 ,0.19060721 ,0.61666667 ,0.30374711 
enhanced_062-0.png,62,1,25,68,1,0.18396226 ,0.27142857 ,0.33707865 ,0.78723404 ,0.27272727 ,0.40293040 ,0.41269841 ,0.41084166 ,0.45923461 ,0.56506024 ,0.77770224 ,0.55855856 ,0.57969640 ,0.49333333 ,0.01548032 
enhanced_065-0.png,65,0,29,75,1,0.11320755 ,0.44285714 ,0.74157303 ,0.30851064 ,0.42975207 ,0.82051282 ,0.42328042 ,0.71885877 ,0.81530782 ,0.29518072 ,0.76886472 ,0.52402402 ,0.32163188 ,0.25666667 ,0.02922454 
enhanced_065-1.png,65,0,27,76,1,0.29245283 ,0.58441558 ,0.67415730 ,0.67021277 ,0.29752066 ,0.71062271 ,0.38095238 ,0.46990014 ,0.65224626 ,0.34819277 ,0.54384772 ,0.65165165 ,0.96204934 ,0.06666667 ,0.04007523 
enhanced_065-2.png,65,1,,77,1,0.21698113 ,0.22467533 ,0.70786517 ,0.55319149 ,0.42148760 ,0.80219780 ,0.40211640 ,0.56205421 ,0.66888519 ,0.29036145 ,0.23793338 ,0.69669670 ,0.34724858 ,0.06333333 ,0.05996817 
enhanced_067-1.png,67,0,20,73,1,0.09433962 ,0.25649351 ,0.44943820 ,0.61702128 ,0.61157025 ,0.47252747 ,0.69841270 ,0.31669044 ,0.49750416 ,0.58433735 ,0.76478586 ,0.43843844 ,0.50759013 ,0.60333333 ,0.04803241 
enhanced_067-2.png,67,1,15,74,1,0.24528302 ,0.64935065 ,0.56179775 ,0.56382979 ,0.50413223 ,0.70695971 ,0.61904762 ,0.62738944 ,0.63227953 ,0.36987952 ,0.59075459 ,0.58858859 ,0.24848197 ,0.16666667 ,0.07660590 
enhanced_068-0.png,68,0,29,59,0,0.23976608 ,0.21398747 ,0.43689320 ,0.72839506 ,0.17073171 ,0.44409938 ,0.36893204 ,0.32697548 ,0.47444090 ,0.53444181 ,0.83665087 ,0.41256831 ,0.21052274 ,0.27062706 ,0.02360348 
enhanced_068-2.png,68,0,,61,0,0.16959064 ,0.22094642 ,0.33980583 ,0.86419753 ,0.10569106 ,0.46583851 ,0.10679612 ,0.31607629 ,0.48881789 ,0.57600950 ,0.98578199 ,0.33333333 ,0.33604888 ,0.17491749 ,0.05474850 
enhanced_068-3.png,68,1,,62,0,0.35672515 ,0.31106472 ,0.64077670 ,0.67901235 ,0.30081301 ,0.66459627 ,0.33009709 ,0.40136240 ,0.62140575 ,0.37054632 ,0.43854660 ,0.54234973 ,0.24372030 ,0.05280528 ,0.02538320 
enhanced_073-0.png,73,0,29,73,0,0.29824561 ,0.18128045 ,0.45631068 ,0.86419753 ,0.23577236 ,0.54037267 ,0.19417476 ,0.65803815 ,0.56389776 ,0.39786223 ,0.58578199 ,0.51366120 ,0.35641548 ,0.31023102 ,0.05052168 
enhanced_073-1.png,73,0,29,74,0,0.09941521 ,0.13187196 ,0.40776699 ,0.69135803 ,0.24390244 ,0.42857143 ,0.18446602 ,0.31880109 ,0.49680511 ,0.51543943 ,0.80063191 ,0.52732240 ,0.36727767 ,0.34323432 ,0.01737447 
enhanced_073-3.png,73,1,,76,0,0.13450292 ,0.14022269 ,0.60194175 ,0.58024691 ,0.02439024 ,0.65838509 ,0.12621359 ,0.36784741 ,0.58785943 ,0.38954869 ,0.76966825 ,0.44945355 ,0.17243720 ,0.41254125 ,0.02226869 
enhanced_076-0.png,76,0,25,68,1,0.19811321 ,0.95454546 ,0.59550562 ,0.68085106 ,0.21487603 ,0.74358974 ,0.33333333 ,0.52467903 ,0.84692180 ,0.14457831 ,0.59891231 ,0.79429429 ,0.25853890 ,0.19000000 ,0.05092593 
enhanced_076-2.png,76,0,,70,1,0.38679245 ,0.54545455 ,1.00000000 ,0.81914894 ,0.24793388 ,0.97069597 ,0.38624339 ,0.56947218 ,0.88186356 ,0.06265060 ,0.17675051 ,0.96246246 ,0.43738140 ,0.09333333 ,0.04188368 
enhanced_076-4.png,76,1,,72,1,0.29245283 ,0.61688312 ,0.91011236 ,0.91489362 ,0.11570248 ,0.90842491 ,0.34920635 ,0.68616263 ,0.97337770 ,0.11445783 ,0.73215500 ,0.86336336 ,0.52371917 ,0.16000000 ,0.03392651 
enhanced_078-0.png,78,0,17,64,1,0.11320755 ,0.19740260 ,0.46067416 ,0.62765957 ,0.29752066 ,0.57875458 ,0.33862434 ,0.56604850 ,0.50415973 ,0.46987952 ,0.71787899 ,0.41591592 ,0.56641366 ,0.16000000 ,0.08781829 
enhanced_078-1.png,78,1,16,65,1,0.17924528 ,0.92207792 ,0.40449438 ,0.00000000 ,0.44628099 ,0.45421245 ,0.40740741 ,0.46733238 ,0.42928453 ,0.58072289 ,0.76206662 ,0.36786787 ,0.74098672 ,0.09666667 ,0.14098669 
enhanced_086-0.png,86,0,30,69,0,0.29824561 ,0.24460682 ,0.71844660 ,0.38271605 ,0.33333333 ,0.79192547 ,0.39805825 ,0.42970027 ,0.97923323 ,0.26959620 ,0.74439179 ,0.55191257 ,0.10169722 ,0.17161716 ,0.02582812 
enhanced_086-1.png,86,0,29,70,0,0.20467836 ,0.40153097 ,0.63106796 ,0.67901235 ,0.18699187 ,0.68944099 ,0.31067961 ,0.47329700 ,0.83865815 ,0.36460808 ,0.98463191 ,0.50136612 ,0.38560760 ,0.30033003 ,0.02315855 
enhanced_086-2.png,86,0,,71,0,0.17543860 ,0.27279054 ,0.64077670 ,0.80246914 ,0.18699187 ,0.62732919 ,0.61165049 ,0.43950954 ,0.60862620 ,0.49049881 ,0.90236967 ,0.36475410 ,0.33129667 ,0.18481848 ,0.21247581 
enhanced_086-3.png,86,0,,72,0,0.18128655 ,0.18232429 ,0.48543689 ,0.92592593 ,0.51219512 ,0.65217391 ,1.00000000 ,0.60391008 ,0.65654952 ,0.41211401 ,0.78925750 ,0.40437159 ,0.42566191 ,0.05280528 ,0.04051078 
enhanced_086-4.png,86,1,,73,0,0.47368421 ,0.21189979 ,0.78640777 ,0.46913580 ,0.09756098 ,0.78881988 ,0.19417476 ,0.40544959 ,0.89456869 ,0.13539192 ,0.38862559 ,0.68852459 ,0.04616429 ,0.16831683 ,0.02582812 
enhanced_087-1.png,87,1,3,77,1,0.15094340 ,0.24675325 ,0.39325843 ,0.65957447 ,0.27272727 ,0.48351648 ,0.38095238 ,0.35663338 ,0.56572379 ,0.49277108 ,0.76886472 ,0.56456457 ,0.51707780 ,0.39000000 ,0.09794560 
enhanced_089-0.png,89,1,24,87,1,0.23584906 ,0.37727273 ,0.47191011 ,0.64893617 ,0.26446281 ,0.57142857 ,0.35449735 ,0.39942939 ,0.53244592 ,0.49277108 ,0.66485384 ,0.52552553 ,0.36717268 ,0.48666667 ,0.01920573 
enhanced_091-0.png,91,0,19,88,1,0.17452830 ,0.09350649 ,0.47191011 ,0.72340426 ,0.33884298 ,0.55677656 ,0.44444444 ,0.41940086 ,0.56572379 ,0.45542169 ,0.64989803 ,0.60210210 ,0.34345351 ,0.25333333 ,0.06069155 
enhanced_091-1.png,91,0,17,89,1,0.23113208 ,0.16168831 ,0.33707865 ,0.71276596 ,0.49586777 ,0.40659341 ,0.48148148 ,0.55406562 ,0.49584027 ,0.51686747 ,0.73691366 ,0.50300300 ,0.18225807 ,0.47000000 ,0.21440972 
enhanced_091-2.png,91,1,17,90,1,0.20754717 ,0.39155844 ,0.43820225 ,0.82978723 ,0.21487603 ,0.53113553 ,0.30687831 ,0.44793153 ,0.62728785 ,0.36746988 ,0.64038069 ,0.71171171 ,0.33681214 ,0.30000000 ,0.08166956 
enhanced_092-0.png,92,0,30,62,0,0.16959064 ,0.29018789 ,0.28155340 ,0.81481482 ,0.40650407 ,0.44409938 ,0.22330097 ,0.29700273 ,0.37699681 ,0.66745843 ,0.98578199 ,0.32240437 ,0.09171758 ,0.20132013 ,0.03917599 
enhanced_092-1.png,92,0,30,63,0,0.17543860 ,0.30758525 ,0.62135922 ,0.69135803 ,0.13821138 ,0.60559006 ,0.14563107 ,0.27792916 ,0.64376997 ,0.38123515 ,0.65529226 ,0.59699454 ,0.51527495 ,0.35643564 ,0.00921003 
enhanced_092-2.png,92,0,,64,0,0.16959064 ,0.25017397 ,0.19417476 ,0.92592593 ,0.04065041 ,0.33540373 ,0.19417476 ,0.35831063 ,0.30670927 ,0.74346793 ,0.98578199 ,0.14617486 ,0.33672777 ,0.13861386 ,0.03227959 
enhanced_092-3.png,92,1,,65,0,0.16959064 ,0.11864997 ,0.00970874 ,0.91358025 ,0.12195122 ,0.00003170 ,0.00000000 ,0.38174387 ,0.03146965 ,0.97577197 ,0.98578199 ,0.00000000 ,0.14525051 ,0.11221122 ,0.01715201 
enhanced_093-0.png,93,0,30,64,0,0.16959064 ,0.35977731 ,0.47572816 ,0.74074074 ,0.13008130 ,0.53105590 ,0.03883495 ,0.28337875 ,0.56869010 ,0.50475059 ,0.98578199 ,0.39754098 ,0.41955194 ,0.14191419 ,0.02315855 
enhanced_093-1.png,93,1,28,65,0,0.16959064 ,0.14926931 ,0.06796117 ,0.79012346 ,0.37398374 ,0.10341615 ,0.27184466 ,0.31607629 ,0.11357828 ,0.89287411 ,0.98278041 ,0.05997268 ,0.09925323 ,0.12211221 ,0.03672888 
enhanced_096-1.png,96,0,29,72,0,0.23976608 ,0.15622825 ,0.50485437 ,0.54320988 ,0.30081301 ,0.58695652 ,0.28155340 ,0.44577657 ,0.57987220 ,0.32422803 ,0.51563981 ,0.74180328 ,0.16836388 ,0.09570957 ,0.01959912 
enhanced_096-2.png,96,1,,73,0,0.16959064 ,0.09986082 ,0.33980583 ,0.81481482 ,0.27642276 ,0.47515528 ,0.11650485 ,0.52043597 ,0.48083067 ,0.47862233 ,0.86255924 ,0.48907104 ,0.36795655 ,0.08250825 ,0.01248026 
enhanced_097-1.png,97,1,10,79,1,0.18867925 ,0.38311688 ,0.30337079 ,0.81914894 ,0.31404959 ,0.46520147 ,0.37037037 ,0.37945792 ,0.48419301 ,0.62891566 ,0.92454113 ,0.21921922 ,0.76375712 ,0.35333333 ,0.35257523 
enhanced_109-1.png,109,0,30,61,0,0.19883041 ,0.33542102 ,0.52427185 ,0.33333333 ,0.21138211 ,0.57763975 ,0.18446602 ,0.43378747 ,0.68530351 ,0.35391924 ,0.96530806 ,0.41803279 ,0.49287169 ,0.32343234 ,0.01292519 
enhanced_109-3.png,109,0,30,63,0,0.22222222 ,0.16388309 ,0.73786408 ,0.61728395 ,0.16260163 ,0.78260870 ,0.22330097 ,0.68419619 ,0.78434505 ,0.25890736 ,0.53017378 ,0.42349727 ,0.38492872 ,0.10891089 ,0.02694045 
enhanced_109-4.png,109,1,30,64,0,0.35672515 ,0.24565066 ,0.72815534 ,0.61728395 ,0.03252033 ,0.77639752 ,0.19417476 ,0.39291553 ,0.86261981 ,0.11520190 ,0.57946288 ,0.65163934 ,0.17155465 ,0.19471947 ,0.01448244 
enhanced_113-0.png,113,0,30,47,0,0.16959064 ,0.36325679 ,0.24271845 ,0.82716049 ,0.15447155 ,0.42546584 ,0.20388350 ,0.28337875 ,0.42651757 ,0.64014252 ,0.98578199 ,0.25136612 ,0.16734555 ,0.49504951 ,0.68632511 
enhanced_113-1.png,113,0,29,48,0,0.16959064 ,0.32498260 ,0.48543689 ,0.70370370 ,0.17073171 ,0.46583851 ,0.25242718 ,0.28337875 ,0.51277955 ,0.54750594 ,0.98578199 ,0.36748634 ,0.31296674 ,0.35643564 ,0.02115637 
enhanced_113-2.png,113,0,30,49,0,0.21052632 ,0.20772443 ,0.59223301 ,0.75308642 ,0.15447155 ,0.63975155 ,0.18446602 ,0.48474114 ,0.69488818 ,0.27790974 ,0.70710901 ,0.49863388 ,0.65376782 ,0.18811881 ,0.02738538 
enhanced_113-3.png,113,1,30,50,0,0.16959064 ,0.20459290 ,0.40776699 ,0.56790124 ,0.21951220 ,0.45962733 ,0.34951456 ,0.27520436 ,0.44249201 ,0.58432304 ,0.98578199 ,0.32103825 ,0.82348948 ,0.22442244 ,0.03561656 
enhanced_118-0.png,118,0,30,66,0,0.16959064 ,0.24356298 ,0.39805825 ,0.75308642 ,0.17073171 ,0.40993789 ,0.11650485 ,0.33705722 ,0.35303514 ,0.67458432 ,0.98578199 ,0.19125683 ,0.20950441 ,0.25412541 ,0.01359258 
enhanced_118-1.png,118,0,30,67,0,0.59064328 ,0.31802366 ,0.66019418 ,0.55555556 ,0.21138211 ,0.66459627 ,0.30097087 ,0.34577657 ,0.53993610 ,0.36935867 ,0.70205371 ,0.49726776 ,0.30414121 ,0.31023102 ,0.00740807 
enhanced_118-2.png,118,0,,68,0,0.16959064 ,0.27627001 ,0.47572816 ,0.82716049 ,0.15447155 ,0.67080745 ,0.30097087 ,0.37329700 ,0.59744409 ,0.43230404 ,0.89794629 ,0.39071038 ,0.21249151 ,0.37623762 ,0.01670708 
enhanced_118-3.png,118,0,,69,0,0.29824561 ,0.16423104 ,0.54368932 ,0.77777778 ,0.27642276 ,0.67701863 ,0.32038835 ,0.51416894 ,0.64856230 ,0.35629454 ,0.67551343 ,0.54644809 ,0.42430414 ,0.12541254 ,0.13817268 
enhanced_118-4.png,118,1,,70,0,0.47368421 ,0.16527488 ,0.77669903 ,0.59259259 ,0.17073171 ,0.73602485 ,0.43689320 ,0.45313352 ,0.64856230 ,0.26603325 ,0.38293839 ,0.71038251 ,0.08085540 ,0.08580858 ,0.02827523 
enhanced_120-0.png,120,0,29,77,1,0.18867925 ,0.44805195 ,0.41573034 ,0.91489362 ,0.38842975 ,0.53479854 ,0.27513228 ,0.43651926 ,0.57570716 ,0.49759036 ,0.92454113 ,0.35285285 ,0.36812144 ,0.23333333 ,0.07335069 
enhanced_120-1.png,120,0,28,78,1,0.16981132 ,0.57792208 ,0.61797753 ,0.19148936 ,0.57851240 ,0.61904762 ,0.42328042 ,0.83823110 ,0.65723794 ,0.37228916 ,0.80149558 ,0.56306306 ,0.56736243 ,0.13666667 ,0.12724248 
enhanced_120-2.png,120,0,30,79,1,0.19339623 ,0.21818182 ,0.41573034 ,0.68085106 ,0.46280992 ,0.56410256 ,0.44973545 ,0.62881598 ,0.55074875 ,0.51686747 ,0.83004759 ,0.27177177 ,0.85863378 ,0.23000000 ,0.03284144 
enhanced_120-3.png,120,0,27,80,1,0.16509434 ,0.27597403 ,0.67415730 ,0.21276596 ,0.35537190 ,0.73626374 ,0.39153439 ,0.72028531 ,0.54242929 ,0.39518072 ,0.31135282 ,0.65015015 ,0.32314991 ,0.11000000 ,0.06430845 
enhanced_120-4.png,120,1,29,81,1,0.20754717 ,0.24350649 ,0.42696629 ,0.76595745 ,0.45454546 ,0.50549451 ,0.49206349 ,0.66818830 ,0.56239601 ,0.44939759 ,0.59823250 ,0.50600601 ,0.57685010 ,0.11666667 ,0.04116030 
enhanced_125-0.png,125,1,10,77,1,0.07547170 ,0.41623377 ,0.59550562 ,0.82978723 ,0.17355372 ,0.47985348 ,0.33862434 ,0.00000000 ,0.69550749 ,0.40602410 ,0.92454113 ,0.74924925 ,0.35483871 ,0.21000000 ,0.23104745 
enhanced_127-0.png,127,1,24,65,1,0.18867925 ,0.68181818 ,0.22471910 ,0.91489362 ,0.25619835 ,0.34908425 ,0.15343915 ,0.10556348 ,0.31114809 ,0.84096386 ,0.92454113 ,0.17867868 ,0.11574953 ,0.72333333 ,0.39959491 
enhanced_128-1.png,128,0,30,71,0,0.53216374 ,0.11795407 ,0.46601942 ,0.71604938 ,0.30081301 ,0.54037267 ,0.30097087 ,0.44441417 ,0.53833866 ,0.32779097 ,0.46635071 ,0.63387978 ,0.29056348 ,0.08910891 ,0.06653912 
enhanced_128-2.png,128,0,30,72,0,0.76608187 ,0.30062631 ,0.73786408 ,0.64197531 ,0.18699187 ,0.78260870 ,0.26213592 ,0.46185286 ,0.69648562 ,0.20546318 ,0.22748815 ,0.73224044 ,0.25797692 ,0.02310231 ,0.03383685 
enhanced_128-3.png,128,1,29,73,0,0.59064328 ,0.18162839 ,0.64077670 ,0.75308642 ,0.16260163 ,0.78881988 ,0.23300971 ,0.47111717 ,0.69808307 ,0.12826603 ,0.22116904 ,0.92759563 ,0.26883910 ,0.04620462 ,0.06809637 
enhanced_132-0.png,132,0,30,58,0,0.15789474 ,0.29018789 ,0.54368932 ,0.72839506 ,0.33333333 ,0.69254658 ,0.37864078 ,0.48337875 ,0.67252396 ,0.29572447 ,0.61421801 ,0.67622951 ,0.51120163 ,0.22772277 ,0.00685191 
enhanced_132-1.png,132,1,29,59,0,0.21637427 ,0.20494085 ,0.56310680 ,0.54320988 ,0.17886179 ,0.62422360 ,0.19417476 ,0.42098093 ,0.68051118 ,0.26603325 ,0.51563981 ,0.73360656 ,0.24711473 ,0.24092409 ,0.00478299 
enhanced_137-0.png,137,0,29,71,0,0.08187135 ,0.18302018 ,0.44660194 ,0.25925926 ,0.19512195 ,0.61490683 ,0.14563107 ,0.29972752 ,0.69968051 ,0.42874109 ,0.94034755 ,0.44535519 ,0.21520706 ,0.23762376 ,0.04673978 
enhanced_137-1.png,137,0,29,72,0,0.16959064 ,0.24286708 ,0.50485437 ,0.65432099 ,0.44715447 ,0.62732919 ,0.36893204 ,0.36021798 ,0.67731629 ,0.44774347 ,0.98578199 ,0.37978142 ,0.28852682 ,0.27062706 ,0.03294699 
enhanced_137-2.png,137,0,,73,0,0.16959064 ,0.11203897 ,0.28155340 ,0.72839506 ,0.25203252 ,0.35093168 ,0.29126214 ,0.31607629 ,0.33865815 ,0.73277910 ,0.98578199 ,0.12049180 ,0.20957230 ,0.23432343 ,0.04384775 
enhanced_137-3.png,137,1,,74,0,0.35672515 ,0.27279054 ,0.69902913 ,0.46913580 ,0.10569106 ,0.68322981 ,0.23300971 ,0.39754768 ,0.72843451 ,0.34085511 ,0.63380727 ,0.62841530 ,0.30210455 ,0.19471947 ,0.06342462 
enhanced_139-0.png,139,0,30,50,0,0.22807018 ,0.12143354 ,0.33009709 ,0.69135803 ,0.25203252 ,0.35403727 ,0.36893204 ,0.17983651 ,0.45207668 ,0.57007126 ,0.76650869 ,0.38797814 ,0.17053632 ,0.65676568 ,0.02582812 
enhanced_139-1.png,139,0,30,51,0,0.16959064 ,0.24356298 ,0.23300971 ,0.79012346 ,0.19512195 ,0.29254658 ,0.32038835 ,0.28882834 ,0.35623003 ,0.68883611 ,0.98578199 ,0.24316940 ,0.43177189 ,0.33003300 ,0.06854130 
enhanced_139-3.png,139,1,30,53,0,0.16959064 ,0.08246347 ,0.00000000 ,0.97530864 ,0.38211382 ,0.00000000 ,0.18446602 ,0.14168937 ,0.00000000 ,1.00000000 ,0.98578199 ,0.00000000 ,0.06788866 ,0.07590759 ,0.02582812 
enhanced_141-0.png,141,0,29,54,0,0.16959064 ,0.22442589 ,0.29126214 ,0.80246914 ,0.07317073 ,0.23478261 ,0.38834952 ,0.17166213 ,0.29872205 ,0.70902613 ,0.98578199 ,0.09303279 ,0.12606925 ,0.20462046 ,0.65962937 
enhanced_141-1.png,141,0,30,55,0,0.16959064 ,0.43980515 ,0.27184466 ,0.75308642 ,0.14634146 ,0.35714286 ,0.25242718 ,0.17166213 ,0.41853035 ,0.61757720 ,0.98578199 ,0.28005465 ,0.16917855 ,0.18151815 ,0.03606149 
enhanced_141-2.png,141,0,30,56,0,0.16959064 ,0.41892832 ,0.52427185 ,0.86419753 ,0.32520325 ,0.53726708 ,0.19417476 ,0.36457766 ,0.69009585 ,0.37054632 ,0.92631912 ,0.47131148 ,0.32450781 ,0.26402640 ,0.03761874 
enhanced_141-3.png,141,1,28,57,0,0.21052632 ,0.35977731 ,0.51456311 ,0.71604938 ,0.14634146 ,0.59937888 ,0.28155340 ,0.55613079 ,0.63738019 ,0.33966746 ,0.70078989 ,0.46721312 ,0.61642906 ,0.13531353 ,0.02427087 
enhanced_142-0.png,142,0,30,58,0,0.05847953 ,0.06367432 ,0.38834952 ,0.23456790 ,0.15447155 ,0.55590062 ,0.30097087 ,0.31062670 ,0.66453674 ,0.38954869 ,0.79873618 ,0.54371585 ,0.36184657 ,0.41584158 ,0.04829704 
enhanced_142-1.png,142,0,29,59,0,0.16959064 ,0.27974948 ,0.33980583 ,0.76543210 ,0.21138211 ,0.47515528 ,0.13592233 ,0.19346049 ,0.55431310 ,0.50356295 ,0.98578199 ,0.37568306 ,0.32722335 ,0.27722772 ,0.07699495 
enhanced_142-3.png,142,1,30,61,0,0.17543860 ,0.20772443 ,0.34951456 ,0.82716049 ,0.05691057 ,0.42546584 ,0.28155340 ,0.34523161 ,0.48562300 ,0.54631829 ,0.98578199 ,0.34153006 ,0.41412084 ,0.16501650 ,0.05007675 
enhanced_144-0.png,144,0,23,67,1,0.19339623 ,0.67532468 ,0.84269663 ,0.70212766 ,0.21487603 ,0.89743590 ,0.38624339 ,0.54151213 ,1.00000000 ,0.21204819 ,0.68932699 ,0.57657658 ,0.55692600 ,0.15333333 ,0.12000868 
enhanced_144-1.png,144,1,15,68,1,0.52830189 ,0.80519481 ,0.87640449 ,0.81914894 ,0.43801653 ,0.94505495 ,0.38624339 ,0.56833096 ,0.88186356 ,0.21204819 ,0.23793338 ,0.75825826 ,0.37571158 ,0.16333333 ,0.09288194 
enhanced_146-1.png,146,1,28,73,0,0.16374269 ,0.27279054 ,0.52427185 ,0.58024691 ,0.03252033 ,0.67701863 ,0.14563107 ,0.34114441 ,0.65175719 ,0.42042755 ,0.84865719 ,0.51092896 ,0.70739986 ,0.16501650 ,0.02427087 
enhanced_148-0.png,148,1,10,74,1,0.06603774 ,0.28701299 ,0.61797753 ,0.47872340 ,0.29752066 ,0.55677656 ,0.41798942 ,0.43651926 ,0.69550749 ,0.45903615 ,1.00000000 ,0.57657658 ,0.49051233 ,0.19333333 ,0.29072627 
enhanced_150-0.png,150,0,29,71,0,0.16959064 ,0.20389701 ,0.30097087 ,0.80246914 ,0.00000000 ,0.29192547 ,0.08737864 ,0.24250681 ,0.44728435 ,0.59263658 ,0.98578199 ,0.24180328 ,0.27019688 ,0.22772277 ,0.04251296 
enhanced_150-1.png,150,0,28,72,0,0.41520468 ,0.23242867 ,0.48543689 ,0.48148148 ,0.23577236 ,0.62422360 ,0.33009709 ,0.55286104 ,0.50479233 ,0.43111639 ,0.57314376 ,0.53825137 ,0.12484725 ,0.14521452 ,0.03517163 
enhanced_150-2.png,150,1,24,73,0,0.47368421 ,0.18162839 ,0.56310680 ,0.75308642 ,0.24390244 ,0.76086957 ,0.35922330 ,0.39182561 ,0.57667732 ,0.26128266 ,0.41958926 ,0.59289618 ,0.36591989 ,0.10891089 ,0.04006585 
enhanced_154-0.png,154,0,28,61,1,0.18396226 ,0.43051948 ,0.37078652 ,0.71276596 ,0.28925620 ,0.51282051 ,0.38095238 ,0.65620542 ,0.56239601 ,0.51325301 ,0.84364378 ,0.53603604 ,0.70018975 ,0.33000000 ,0.10626447 
enhanced_154-1.png,154,1,17,62,1,0.22641509 ,0.34090909 ,0.28089888 ,0.74468085 ,0.43801653 ,0.34615385 ,0.60317460 ,0.23965763 ,0.40432612 ,0.63253012 ,0.87192386 ,0.41141141 ,0.71726755 ,0.35333333 ,0.21043113 
enhanced_155-0.png,155,0,30,59,0,0.05263158 ,0.30410578 ,0.38834952 ,0.59259259 ,0.18699187 ,0.45341615 ,0.20388350 ,0.18256131 ,0.55271566 ,0.48931116 ,0.91753555 ,0.49453552 ,0.39646979 ,0.23762376 ,0.04874196 
enhanced_155-2.png,155,0,,61,0,0.07602339 ,0.26583159 ,0.36893204 ,0.77777778 ,0.12195122 ,0.44409938 ,0.27184466 ,0.19346049 ,0.52875399 ,0.48931116 ,0.77788310 ,0.54371585 ,0.23761032 ,0.83498350 ,0.00462726 
enhanced_155-3.png,155,1,,62,0,0.19298246 ,0.20633264 ,0.48543689 ,0.76543210 ,0.04065041 ,0.63975155 ,0.12621359 ,0.56185286 ,0.60223642 ,0.47862233 ,0.87266983 ,0.48907104 ,0.31771894 ,0.22442244 ,0.01225779 
enhanced_158-0.png,158,0,30,78,0,0.21052632 ,0.05497564 ,0.51456311 ,0.69135803 ,0.32520325 ,0.54658385 ,0.22330097 ,0.45395095 ,0.62460064 ,0.41448931 ,0.48088468 ,0.47131148 ,0.24168364 ,0.14521452 ,0.00785300 
enhanced_158-1.png,158,0,30,79,0,0.06432749 ,0.14022269 ,0.42718447 ,0.58024691 ,0.34146342 ,0.47204969 ,0.28155340 ,0.34032698 ,0.47603834 ,0.60807601 ,0.81958926 ,0.35109290 ,0.06924644 ,0.27722772 ,0.00967720 
enhanced_158-2.png,158,0,30,80,0,0.16959064 ,0.16423104 ,0.36893204 ,0.86419753 ,0.19512195 ,0.46273292 ,0.21359223 ,0.27247956 ,0.56070288 ,0.55581948 ,0.98578199 ,0.22131148 ,0.31704005 ,0.19471947 ,0.80645592 
enhanced_158-3.png,158,1,28,81,0,0.16959064 ,0.21224774 ,0.38834952 ,0.71604938 ,0.17886179 ,0.46273292 ,0.26213592 ,0.32152589 ,0.51757189 ,0.56650831 ,0.98578199 ,0.35655738 ,0.43516633 ,0.29702970 ,0.02760784 
enhanced_164-1.png,164,0,24,54,1,0.18396226 ,0.53896104 ,0.26966292 ,0.82978723 ,0.21487603 ,0.39926740 ,0.39153439 ,0.71098431 ,0.40599002 ,0.67108434 ,0.92114888 ,0.36936937 ,0.48387097 ,0.21333333 ,0.39959491 
enhanced_164-2.png,164,0,19,55,1,0.18867925 ,0.38896104 ,0.15730337 ,0.87234043 ,0.18181818 ,0.30989011 ,0.32275132 ,0.42225392 ,0.22961730 ,0.81566265 ,0.92454113 ,0.14714715 ,0.59867173 ,0.10000000 ,0.00094039 
enhanced_164-3.png,164,1,18,56,1,0.17452830 ,0.44090909 ,0.33707865 ,0.78723404 ,0.11570248 ,0.52380952 ,0.37566138 ,0.69985735 ,0.53577371 ,0.53373494 ,0.87675051 ,0.50750751 ,0.65654649 ,0.33666667 ,0.06792535 
enhanced_167-1.png,167,0,27,64,0,0.18128655 ,0.25887265 ,0.58252427 ,0.79012346 ,0.20325203 ,0.47826087 ,0.19417476 ,0.46103542 ,0.66134185 ,0.42042755 ,0.89352291 ,0.29644809 ,0.20583843 ,0.17491749 ,0.04251296 
enhanced_167-2.png,167,0,29,65,0,0.16959064 ,0.38065414 ,0.43689320 ,0.86419753 ,0.17886179 ,0.57763975 ,0.16504854 ,0.24523161 ,0.57827476 ,0.46555820 ,0.98578199 ,0.35655738 ,0.25390360 ,0.23432343 ,0.04851950 
enhanced_167-3.png,167,1,28,66,0,0.70760234 ,0.20528880 ,0.53398058 ,0.49382716 ,0.21138211 ,0.75776398 ,0.26213592 ,0.49237057 ,0.78434505 ,0.23515439 ,0.36208531 ,0.62021858 ,0.21520706 ,0.07260726 ,0.03205713 
enhanced_168-0.png,168,0,20,67,1,0.18867925 ,0.40714286 ,0.14606742 ,0.93617021 ,0.36363636 ,0.12380952 ,0.35449735 ,0.28815977 ,0.08469218 ,0.93554217 ,0.92454113 ,0.03333333 ,0.14592030 ,0.17333333 ,0.18221933 
enhanced_168-1.png,168,1,14,68,1,0.15094340 ,0.35194805 ,0.62921348 ,0.73404255 ,0.29752066 ,0.67765568 ,0.37566138 ,0.43937233 ,0.64392679 ,0.42771084 ,0.66213460 ,0.53903904 ,0.46963947 ,0.21333333 ,0.10481771 
enhanced_171-0.png,171,0,28,65,0,0.16959064 ,0.39805150 ,0.20388350 ,0.76543210 ,0.11382114 ,0.24751553 ,0.13592233 ,0.22343324 ,0.32428115 ,0.70665083 ,0.98582641 ,0.24726776 ,0.22742702 ,0.18151815 ,0.01448244 
enhanced_171-1.png,171,1,30,66,0,0.16959064 ,0.17571329 ,0.05825243 ,0.93827161 ,0.26016260 ,0.07950311 ,0.22330097 ,0.00000000 ,0.07428115 ,0.97719715 ,0.98578199 ,0.01789618 ,0.19117447 ,1.00000000 ,0.02338102 
enhanced_172-0.png,172,1,27,72,0,0.23976608 ,0.27279054 ,0.53398058 ,0.66666667 ,0.48780488 ,0.56211180 ,0.66019418 ,0.26702997 ,0.61661342 ,0.44893112 ,0.80821485 ,0.45081967 ,0.22267481 ,0.33663366 ,0.04295789 
enhanced_172-1.png,172,0,24,73,1,0.23113208 ,0.24350649 ,0.49438202 ,0.73404255 ,0.27272727 ,0.45421245 ,0.47089947 ,0.35378031 ,0.51747088 ,0.55662651 ,0.77226377 ,0.48948949 ,0.49525617 ,0.37666667 ,0.06069155 
enhanced_172-2.png,172,0,,74,1,0.18867925 ,0.25779221 ,0.15730337 ,0.93617021 ,0.48760331 ,0.12051282 ,0.40740741 ,0.23680457 ,0.20965058 ,0.80240964 ,0.92454113 ,0.13948949 ,0.47058824 ,0.33333333 ,0.05707465 
enhanced_172-3.png,172,1,,75,1,0.18867925 ,0.41623377 ,0.35955056 ,0.91489362 ,0.25619835 ,0.42124542 ,0.42328042 ,0.59857347 ,0.40266223 ,0.67590361 ,0.92454113 ,0.14054054 ,0.24667932 ,0.04666667 ,0.05418113 
enhanced_173-1.png,173,1,5,71,1,0.16037736 ,0.53246753 ,0.33707865 ,0.81914894 ,0.28925620 ,0.44688645 ,0.35449735 ,0.35948645 ,0.42762063 ,0.62650602 ,0.81917063 ,0.42042042 ,0.33206831 ,0.42000000 ,0.16232639 
enhanced_175-0.png,175,0,30,56,0,0.76608187 ,0.25434934 ,0.97087379 ,0.53086420 ,0.19512195 ,0.72981367 ,0.24271845 ,0.41471390 ,1.00000000 ,0.02731591 ,0.53143760 ,0.69125683 ,0.11357773 ,0.07260726 ,0.02471580 
enhanced_175-1.png,175,0,30,57,0,0.53216374 ,0.19554628 ,0.63106796 ,0.56790124 ,0.12195122 ,0.82298137 ,0.20388350 ,0.52452316 ,0.72204473 ,0.21615202 ,0.34755134 ,0.65027322 ,0.11629328 ,0.05940594 ,0.01603969 
enhanced_175-2.png,175,0,,58,0,0.47368421 ,0.26235212 ,0.91262136 ,0.77777778 ,0.20325203 ,0.78260870 ,0.22330097 ,0.42534060 ,0.94568690 ,0.11163896 ,0.47140600 ,0.68306011 ,0.39714868 ,0.10561056 ,0.03339192 
enhanced_175-3.png,175,1,,59,0,0.16959064 ,0.30410578 ,0.37864078 ,0.77777778 ,0.15447155 ,0.33850932 ,0.28155340 ,0.20708447 ,0.46485623 ,0.58788599 ,0.98578199 ,0.27732240 ,0.40529532 ,0.37623762 ,0.02249116 
enhanced_178-0.png,178,0,29,55,1,0.05188679 ,0.66883117 ,0.49438202 ,0.53191489 ,0.14049587 ,0.52014652 ,0.35978836 ,0.16262482 ,0.56239601 ,0.50000000 ,0.83140721 ,0.52852853 ,0.66129032 ,0.62666667 ,0.05164931 
enhanced_178-1.png,178,1,24,56,1,0.29245283 ,0.43961039 ,0.46067416 ,0.87234043 ,0.29752066 ,0.50549451 ,0.49206349 ,0.18544936 ,0.61896839 ,0.44578313 ,0.72331747 ,0.66516517 ,0.28529412 ,0.18000000 ,0.28493924 
enhanced_182-3.png,182,1,,66,0,0.17543860 ,0.17501740 ,0.32038835 ,0.72839506 ,0.05691057 ,0.39751553 ,0.04854369 ,0.30517711 ,0.46006390 ,0.59619953 ,0.93788310 ,0.32240437 ,0.87101154 ,0.21122112 ,0.05875286 
enhanced_183-0.png,183,0,25,63,1,0.18867925 ,0.26168831 ,0.24719101 ,0.84042553 ,0.28925620 ,0.11538462 ,0.21693122 ,0.19686163 ,0.08918469 ,0.95265060 ,0.92468797 ,0.04144144 ,0.12618596 ,0.61000000 ,0.33846933 
enhanced_183-1.png,183,0,27,64,1,0.18396226 ,0.61038961 ,0.55056180 ,0.80851064 ,0.24793388 ,0.68498169 ,0.30687831 ,0.29957204 ,0.60732113 ,0.35301205 ,0.47314752 ,0.73123123 ,0.65749526 ,0.20666667 ,0.01041667 
enhanced_183-2.png,183,0,,65,1,0.23113208 ,0.40714286 ,0.56179775 ,0.80851064 ,0.30578512 ,0.65567766 ,0.35978836 ,0.64422254 ,0.52079867 ,0.44216868 ,0.47450714 ,0.60360360 ,0.51233397 ,0.25333333 ,0.00090423 
enhanced_183-3.png,183,1,,66,1,0.20283019 ,0.26233766 ,0.46067416 ,0.86170213 ,0.23140496 ,0.61172161 ,0.41798942 ,0.52639087 ,0.59733777 ,0.39277108 ,0.70836166 ,0.45645646 ,0.53415560 ,0.74000000 ,0.02126736 
enhanced_184-0.png,184,0,27,63,1,0.18867925 ,0.50000000 ,0.51685393 ,0.91489362 ,0.14049587 ,0.54578755 ,0.34391534 ,0.39372325 ,0.57404326 ,0.49638554 ,0.92454113 ,0.45045045 ,0.73244782 ,0.21333333 ,0.01117622 
enhanced_184-1.png,184,0,27,64,1,0.29245283 ,0.45259740 ,0.80898876 ,0.54255319 ,0.28925620 ,0.72527473 ,0.40740741 ,0.68730385 ,0.62396007 ,0.41807229 ,0.48334466 ,0.64714715 ,0.05977230 ,0.12333333 ,0.00235098 
enhanced_184-2.png,184,1,,65,1,0.22641509 ,0.15389610 ,0.59550562 ,0.63829787 ,0.25619835 ,0.63736264 ,0.36507937 ,0.77175464 ,0.53910150 ,0.45542169 ,0.59687288 ,0.59459460 ,0.47722960 ,0.03333333 ,0.01504630 
enhanced_192-0.png,192,0,29,51,0,0.16959064 ,0.38761308 ,0.29126214 ,0.83950617 ,0.17886179 ,0.22546584 ,0.27184466 ,0.08991826 ,0.29392971 ,0.80285036 ,0.98578199 ,0.17076503 ,0.13996606 ,0.43894389 ,0.02404841 
enhanced_192-2.png,192,1,,53,0,1.00000000 ,0.33542102 ,1.00000000 ,0.62962963 ,0.18699187 ,0.86335404 ,0.37864078 ,0.34141689 ,0.92651757 ,0.02850356 ,0.24012638 ,0.89207650 ,0.03869654 ,0.08580858 ,0.03628395 
enhanced_196-0.png,196,0,28,62,0,0.22807018 ,0.08524704 ,0.35922330 ,0.56790124 ,0.45528455 ,0.39130435 ,0.14563107 ,0.74359673 ,0.49680511 ,0.55106888 ,0.81958926 ,0.41939891 ,0.08445350 ,0.20462046 ,0.03027741 
enhanced_196-1.png,196,1,29,63,0,0.22807018 ,0.10368824 ,0.39805825 ,0.40740741 ,0.34959350 ,0.45652174 ,0.38834952 ,0.76457766 ,0.54313099 ,0.43586698 ,0.56176935 ,0.55874317 ,0.26137135 ,0.04290429 ,0.01203533 
enhanced_203-0.png,203,0,20,71,1,0.13679245 ,0.32077922 ,0.21348315 ,0.74468085 ,0.20661157 ,0.35787546 ,0.33333333 ,0.01711840 ,0.36605657 ,0.67469880 ,0.87505099 ,0.39789790 ,0.31878558 ,0.76333333 ,0.15617766 
enhanced_203-1.png,203,1,13,72,1,0.11320755 ,0.48701299 ,0.53932584 ,0.70212766 ,0.25619835 ,0.63003663 ,0.43915344 ,0.26818830 ,0.68552413 ,0.43493976 ,0.85112169 ,0.69519520 ,0.33301708 ,0.11666667 ,0.32870370 
enhanced_205-1.png,205,1,22,77,1,0.02358491 ,0.88961039 ,0.70786517 ,0.81914894 ,0.45454546 ,0.64835165 ,0.43386243 ,0.30242511 ,0.73377704 ,0.36506024 ,0.63766146 ,0.80630631 ,0.59392789 ,0.57666667 ,0.18619792 
enhanced_207-0.png,207,1,13,61,1,0.18867925 ,0.28506494 ,0.43820225 ,0.34042553 ,0.44628099 ,0.64102564 ,0.35449735 ,0.71997147 ,0.59567388 ,0.38313253 ,0.52481305 ,0.64264264 ,0.24272296 ,0.32333333 ,0.17245370 
enhanced_212-0.png,212,0,29,80,1,0.19339623 ,0.12662338 ,0.75280899 ,0.62765957 ,0.16528926 ,0.70695971 ,0.35978836 ,0.65962910 ,0.60565724 ,0.39638554 ,0.63698165 ,0.53753754 ,0.19563567 ,0.14000000 ,0.01236979 
enhanced_212-1.png,212,0,25,81,1,0.18396226 ,0.66883117 ,0.78651685 ,0.77659575 ,0.22314050 ,0.72527473 ,0.34391534 ,0.27960057 ,0.63227953 ,0.52168675 ,0.92454113 ,0.35435435 ,0.62998103 ,0.13333333 ,0.03139468 
enhanced_212-2.png,212,0,25,85,1,0.10377359 ,0.05714286 ,0.60674157 ,0.43617021 ,0.19834711 ,0.67399267 ,0.32275132 ,0.58402283 ,0.57570716 ,0.40602410 ,0.47926581 ,0.58558559 ,0.30180266 ,0.08000000 ,0.07298901 
enhanced_212-3.png,212,1,19,86,1,0.29245283 ,0.39480520 ,0.87640449 ,0.74468085 ,0.14876033 ,0.82783883 ,0.44444444 ,0.53409415 ,0.80199667 ,0.20481928 ,0.54248810 ,0.73723724 ,0.49051233 ,0.12333333 ,0.02560764 
enhanced_213-1.png,213,0,15,64,1,0.15566038 ,0.35454546 ,0.61797753 ,0.77659575 ,0.23140496 ,0.61538462 ,0.44973545 ,0.37660485 ,0.68885191 ,0.42650602 ,0.68660775 ,0.64114114 ,0.51138520 ,0.18333333 ,0.02850116 
enhanced_213-2.png,213,0,,65,1,0.21226415 ,0.32467533 ,0.76404494 ,0.58510638 ,0.39669422 ,0.66666667 ,0.35978836 ,0.75218260 ,0.63227953 ,0.45060241 ,0.64581917 ,0.62612613 ,0.21119545 ,0.11666667 ,0.01924190 
enhanced_213-3.png,213,1,,66,1,0.29245283 ,0.50649351 ,0.46067416 ,0.73404255 ,0.12396694 ,0.59340659 ,0.43915344 ,0.18830243 ,0.61064892 ,0.48915663 ,0.82460911 ,0.62612613 ,0.56641366 ,0.44000000 ,0.38151042 
enhanced_221-0.png,221,0,29,71,1,0.57547170 ,0.14935065 ,0.60674157 ,0.53191489 ,0.22314050 ,1.00000000 ,0.35978836 ,0.51469330 ,0.65224626 ,0.33132530 ,0.48062543 ,0.63363363 ,0.09772296 ,0.09666667 ,0.03030961 
enhanced_221-1.png,221,0,30,72,1,0.15094340 ,0.06623377 ,0.56179775 ,0.63829787 ,0.33884298 ,0.67765568 ,0.42328042 ,0.58402283 ,0.54409318 ,0.41686747 ,0.53704963 ,0.52552553 ,0.25151803 ,0.10333333 ,0.01529948 
enhanced_221-2.png,221,0,,73,1,0.43396226 ,0.12012987 ,0.79775281 ,0.51063830 ,0.42975207 ,0.93772894 ,0.46560847 ,0.61997147 ,0.60565724 ,0.33614458 ,0.33922502 ,0.61861862 ,0.38235294 ,0.09333333 ,0.02162905 
enhanced_221-3.png,221,1,,74,1,0.19339623 ,0.01103896 ,0.67415730 ,0.75531915 ,0.34710744 ,0.85347985 ,0.40740741 ,0.68188302 ,0.66389351 ,0.27469880 ,0.46091095 ,0.54504505 ,0.68880455 ,0.05000000 ,0.00589554 
enhanced_222-0.png,222,0,18,61,1,0.13679245 ,0.21428571 ,0.34831461 ,0.60638298 ,0.24793388 ,0.49084249 ,0.37566138 ,0.43937233 ,0.47088186 ,0.56987952 ,0.82596873 ,0.40390390 ,0.15721063 ,0.28000000 ,0.11820023 
enhanced_222-1.png,222,1,12,62,1,0.29245283 ,0.55194805 ,0.48314607 ,0.88297872 ,0.40495868 ,0.60073260 ,0.42857143 ,0.31383738 ,0.63893511 ,0.38072289 ,0.59755269 ,0.74924925 ,0.42504744 ,0.63000000 ,0.04513889 
enhanced_223-0.png,223,0,18,80,1,0.19811321 ,0.34675325 ,0.42696629 ,0.74468085 ,0.26446281 ,0.38827839 ,0.40740741 ,0.35378031 ,0.47088186 ,0.61566265 ,0.76342624 ,0.44294294 ,0.34629981 ,0.26333333 ,0.06828704 
enhanced_223-1.png,223,1,19,81,1,0.20283019 ,0.38571429 ,0.48314607 ,0.76595745 ,0.21487603 ,0.54212454 ,0.35978836 ,0.20827389 ,0.74376040 ,0.32530121 ,0.72399728 ,0.83333333 ,0.60721063 ,0.53000000 ,0.22309028 
enhanced_225-0.png,225,0,29,67,0,0.21637427 ,0.25434934 ,0.54368932 ,0.33333333 ,0.18699187 ,0.61490683 ,0.18446602 ,0.46267030 ,0.67412141 ,0.39429929 ,0.72922591 ,0.37978142 ,0.27359131 ,0.18481848 ,0.02493827 
enhanced_225-2.png,225,1,,69,0,0.23976608 ,0.21259569 ,0.43689320 ,0.45679012 ,0.24390244 ,0.51242236 ,0.40776699 ,0.33269755 ,0.50000000 ,0.51425178 ,0.72101106 ,0.49726776 ,0.41955194 ,0.08250825 ,0.02671798 
enhanced_232-0.png,232,0,30,70,0,0.29824561 ,0.14405010 ,0.43689320 ,0.67901235 ,0.19512195 ,0.40683230 ,0.40776699 ,0.44196185 ,0.50159744 ,0.50118765 ,0.71532386 ,0.56420765 ,0.31432451 ,0.34323432 ,0.00540589 
enhanced_232-1.png,232,1,30,71,0,0.70760234 ,0.09846903 ,0.64077670 ,0.39506173 ,0.34146342 ,0.71739130 ,0.45631068 ,0.62376022 ,0.60223642 ,0.25653207 ,0.23380727 ,0.75000000 ,0.11513917 ,0.16171617 ,0.01648462 
enhanced_234-0.png,234,1,16,66,1,0.19339623 ,0.21363636 ,0.04494382 ,0.91489362 ,0.30578512 ,0.09120879 ,0.40211640 ,0.47931526 ,0.13011647 ,0.86987952 ,0.92454113 ,0.00629129 ,0.29781784 ,0.03000000 ,0.05309607 
enhanced_235-0.png,235,0,18,58,1,0.16509434 ,0.72077922 ,0.35955056 ,0.79787234 ,0.26446281 ,0.45787546 ,0.34920635 ,0.45962910 ,0.55407654 ,0.47108434 ,0.75118967 ,0.69669670 ,0.53510436 ,0.32333333 ,0.04007523 
enhanced_235-2.png,235,1,,60,1,0.12264151 ,0.62987013 ,0.50561798 ,0.85106383 ,0.24793388 ,0.73626374 ,0.42857143 ,0.43366619 ,0.68053245 ,0.37951807 ,0.73759347 ,0.70720721 ,0.30426945 ,0.32000000 ,0.08926505 
enhanced_236-0.png,236,1,14,75,1,0.21698113 ,0.85714286 ,0.53932584 ,0.77659575 ,0.28099174 ,0.65567766 ,0.43386243 ,0.36233952 ,0.68219634 ,0.29036145 ,0.46974847 ,0.83183183 ,0.52371917 ,0.19666667 ,0.17136863 
enhanced_237-1.png,237,0,25,73,1,0.21698113 ,0.42467533 ,0.64044944 ,0.72340426 ,0.29752066 ,0.78754579 ,0.33333333 ,0.46105564 ,0.77204659 ,0.25903615 ,0.42692046 ,0.76576577 ,0.33491461 ,0.18333333 ,0.06105324 
enhanced_237-2.png,237,1,,74,1,0.43396226 ,0.38441558 ,0.89887640 ,0.74468085 ,0.18181818 ,0.96703297 ,0.31216931 ,0.60342368 ,0.83028286 ,0.15421687 ,0.30251530 ,0.79429429 ,0.19326376 ,0.08000000 ,0.03899016 
enhanced_238-0.png,238,1,12,62,1,0.14150943 ,0.36363636 ,0.47191011 ,0.80851064 ,0.24793388 ,0.51282051 ,0.33862434 ,0.23965763 ,0.57903494 ,0.50602410 ,0.81985044 ,0.54954955 ,0.38235294 ,0.71666667 ,0.20138889 
enhanced_242-0.png,242,0,26,63,0,0.23391813 ,0.28670842 ,0.34951456 ,0.71604938 ,0.65040650 ,0.36956522 ,0.41747573 ,0.74196185 ,0.47923323 ,0.50475059 ,0.83222749 ,0.58060109 ,0.49966056 ,0.51485149 ,0.12171031 
enhanced_242-1.png,242,0,29,64,0,0.12280702 ,0.03409882 ,0.49514563 ,0.56790124 ,0.35772358 ,0.46894410 ,0.47572816 ,0.82370572 ,0.58466454 ,0.45486936 ,0.66540284 ,0.54098361 ,0.10964019 ,0.25412541 ,0.01181286 
enhanced_242-2.png,242,1,29,65,0,0.35672515 ,0.16945024 ,0.58252427 ,0.54320988 ,0.48780488 ,0.65838509 ,0.41747573 ,0.56021798 ,0.61341853 ,0.26959620 ,0.64139021 ,0.59972678 ,0.16198235 ,0.18481848 ,0.03294699 
enhanced_243-0.png,243,0,29,66,0,0.82456140 ,0.62073765 ,0.70873786 ,0.00000000 ,0.26829268 ,0.69565217 ,0.24271845 ,0.57220708 ,0.65015974 ,0.23990499 ,0.41579779 ,0.61612022 ,0.28105906 ,0.24422442 ,0.00131254 
enhanced_243-1.png,243,1,27,67,0,0.64912281 ,0.14474600 ,0.92233010 ,0.43209877 ,0.21951220 ,0.79192547 ,0.22330097 ,0.51389646 ,0.71565495 ,0.19596200 ,0.37472354 ,0.59972678 ,0.09775967 ,0.09570957 ,0.00122356 
enhanced_244-0.png,244,1,25,64,1,0.11320755 ,0.70129870 ,0.53932584 ,0.69148936 ,0.23140496 ,0.53113553 ,0.34920635 ,0.52268188 ,0.62396007 ,0.45662651 ,0.69816451 ,0.61111111 ,0.62713473 ,0.08666667 ,0.01942274 
enhanced_245-0.png,245,0,28,69,0,0.22222222 ,0.29366736 ,0.66019418 ,0.77777778 ,0.11382114 ,0.72049689 ,0.19417476 ,0.63950954 ,0.70766773 ,0.23396675 ,0.56429700 ,0.63251366 ,0.47250509 ,0.20132013 ,0.03227959 
enhanced_245-1.png,245,0,30,70,0,0.00000000 ,0.03166319 ,0.54368932 ,0.37037037 ,0.25203252 ,0.51863354 ,0.13592233 ,0.60425341 ,0.46485623 ,0.47505938 ,0.60916272 ,0.45355191 ,0.46503734 ,0.14851485 ,0.00395987 
enhanced_245-2.png,245,1,30,71,0,0.29824561 ,0.14091858 ,0.51456311 ,0.62962963 ,1.00000000 ,0.59006211 ,0.90291262 ,0.57520436 ,0.54952077 ,0.44299287 ,0.67993681 ,0.51775956 ,0.25186694 ,0.19801980 ,0.09012035 
enhanced_248-0.png,248,0,30,50,0,0.29824561 ,0.26931107 ,0.40776699 ,0.92592593 ,0.26829268 ,0.48447205 ,0.27184466 ,0.51253406 ,0.51916933 ,0.47980998 ,0.77661927 ,0.46584700 ,0.25865580 ,0.13531353 ,0.03205713 
enhanced_248-1.png,248,0,30,51,0,0.23976608 ,0.23034099 ,0.41747573 ,0.56790124 ,0.11382114 ,0.47515528 ,0.15533981 ,0.59419619 ,0.49520767 ,0.46555820 ,0.56240126 ,0.48224044 ,0.34623218 ,0.08250825 ,0.00820894 
enhanced_248-2.png,248,1,30,52,0,0.19298246 ,0.06889353 ,0.22330097 ,0.80246914 ,0.21138211 ,0.37577640 ,0.38834952 ,0.57493188 ,0.35942492 ,0.63539192 ,0.89036335 ,0.23087432 ,0.28377461 ,0.35973597 ,0.02071144 
enhanced_252-0.png,252,0,22,62,1,0.23113208 ,0.12077922 ,0.31460674 ,0.77659575 ,0.28099174 ,0.43956044 ,0.38095238 ,0.97489301 ,0.44093178 ,0.59036145 ,0.76478586 ,0.44144144 ,0.17666034 ,0.43666667 ,0.01490162 
enhanced_252-1.png,252,0,23,63,1,0.17924528 ,0.32532468 ,0.68539326 ,0.59574468 ,0.30578512 ,0.62637363 ,0.37566138 ,0.88815977 ,0.61064892 ,0.42409639 ,0.59279402 ,0.59459460 ,0.20445920 ,0.19666667 ,0.00951244 
enhanced_252-2.png,252,1,17,64,1,0.19339623 ,0.43246753 ,0.39325843 ,0.82978723 ,0.19008265 ,0.48351648 ,0.39682540 ,0.46219686 ,0.56073211 ,0.51325301 ,0.92454113 ,0.47447447 ,0.66129032 ,0.19000000 ,0.32219329 
enhanced_256-0.png,256,0,28,67,0,0.18713450 ,0.33194155 ,0.59223301 ,0.71604938 ,0.17073171 ,0.46894410 ,0.25242718 ,0.41416894 ,0.58945687 ,0.47387173 ,0.78988942 ,0.54918033 ,0.36388323 ,0.28052805 ,0.07143334 
enhanced_256-1.png,256,0,28,68,0,0.16959064 ,0.20737648 ,0.24271845 ,0.87654321 ,0.08130081 ,0.30527950 ,0.14563107 ,0.25340600 ,0.32587859 ,0.73159145 ,0.98578199 ,0.21721312 ,0.31704005 ,0.13861386 ,0.00869836 
enhanced_256-2.png,256,1,29,70,0,0.35672515 ,0.17780097 ,0.65048544 ,0.46913580 ,0.05691057 ,0.54968944 ,0.30097087 ,0.57029973 ,0.59424920 ,0.40736342 ,0.75134281 ,0.52459016 ,0.72505092 ,0.27062706 ,0.00271407 
enhanced_257-0.png,257,0,22,75,1,0.23584906 ,0.83766234 ,0.75280899 ,0.71276596 ,0.64462810 ,0.75824176 ,0.50793651 ,0.50470756 ,0.75707155 ,0.32168675 ,0.72127804 ,0.63663664 ,0.20920304 ,0.25666667 ,0.04875579 
enhanced_257-2.png,257,1,10,77,1,0.24056604 ,0.38051948 ,0.59550562 ,0.73404255 ,0.14049587 ,0.66666667 ,0.42857143 ,0.43937233 ,0.62229617 ,0.42891566 ,0.60707002 ,0.60660661 ,0.45825427 ,0.47666667 ,0.04947917 
enhanced_264-0.png,264,1,17,65,1,0.17452830 ,0.25324675 ,0.51685393 ,0.40425532 ,0.42975207 ,0.64835165 ,0.44444444 ,0.45078459 ,0.62562396 ,0.39759036 ,0.56900068 ,0.66216216 ,0.68595825 ,0.19000000 ,0.07009549 
enhanced_266-0.png,266,0,29,66,0,0.16959064 ,0.10125261 ,0.25242718 ,0.77777778 ,0.33333333 ,0.32298137 ,0.07766990 ,0.26430518 ,0.37380192 ,0.67339668 ,0.98578199 ,0.14480874 ,0.35980991 ,0.15841584 ,0.63293364 
enhanced_266-1.png,266,0,29,67,0,0.16959064 ,0.23451635 ,0.39805825 ,0.81481482 ,0.18699187 ,0.49689441 ,0.35922330 ,0.16076294 ,0.51597444 ,0.54038005 ,0.98578199 ,0.30874317 ,0.29327902 ,0.46864687 ,0.03850860 
enhanced_266-2.png,266,1,30,68,0,0.18128655 ,0.27279054 ,0.57281553 ,0.65432099 ,0.14634146 ,0.61490683 ,0.24271845 ,0.40435967 ,0.65974441 ,0.36104513 ,0.62306477 ,0.56147541 ,0.09436524 ,0.36963696 ,0.01003315 
enhanced_270-0.png,270,0,23,63,1,0.24528302 ,0.37597403 ,0.66292135 ,0.77659575 ,0.23140496 ,0.72893773 ,0.39682540 ,0.43937233 ,0.71713810 ,0.30602410 ,0.40584636 ,0.70570571 ,0.26527514 ,0.17333333 ,0.12254051 
enhanced_270-1.png,270,0,22,64,1,0.17924528 ,0.56493507 ,0.59550562 ,0.92553192 ,0.11570248 ,0.63003663 ,0.33862434 ,0.49900143 ,0.66222962 ,0.32048193 ,0.48402447 ,0.79579580 ,0.68026566 ,0.13000000 ,0.12181713 
enhanced_270-2.png,270,1,20,65,1,0.22169811 ,0.46883117 ,0.85393258 ,0.81914894 ,0.20661157 ,0.92307692 ,0.38095238 ,0.46019972 ,0.78369384 ,0.18795181 ,0.42148199 ,0.84234234 ,0.19962049 ,0.09666667 ,0.13049769 
enhanced_271-2.png,271,1,23,80,1,0.18867925 ,0.46948052 ,0.32584270 ,0.88297872 ,0.19008265 ,0.42490843 ,0.36507937 ,0.46733238 ,0.41930117 ,0.65060241 ,0.92454113 ,0.18918919 ,0.37571158 ,0.33000000 ,0.11024306 
enhanced_274-0.png,274,0,28,54,0,0.20467836 ,0.23973556 ,0.37864078 ,0.67901235 ,0.08943089 ,0.50310559 ,0.42718447 ,0.32697548 ,0.54792332 ,0.45249406 ,0.80063191 ,0.60928962 ,0.37813985 ,0.33663366 ,0.03939846 
enhanced_274-1.png,274,0,26,55,0,0.17543860 ,0.18406402 ,0.30097087 ,0.88888889 ,0.05691057 ,0.31677019 ,0.23300971 ,0.40735695 ,0.33706070 ,0.72684086 ,0.95582938 ,0.22131148 ,0.37270876 ,0.02970297 ,0.00961047 
enhanced_274-2.png,274,1,28,56,0,0.18713450 ,0.08733473 ,0.24271845 ,0.87654321 ,0.08130081 ,0.27515528 ,0.15533981 ,0.52643052 ,0.38019169 ,0.66627078 ,0.90426540 ,0.23087432 ,0.31093008 ,0.38943894 ,0.01381504 
enhanced_276-0.png,276,1,18,84,1,0.12264151 ,0.10844156 ,0.30337079 ,0.76595745 ,0.28925620 ,0.48351648 ,0.26455027 ,0.37660485 ,0.49584027 ,0.56506024 ,0.77634262 ,0.42792793 ,0.23053131 ,0.30000000 ,0.14532697 
enhanced_279-0.png,279,0,21,72,1,0.24528302 ,0.53896104 ,0.57303371 ,0.79787234 ,0.26446281 ,0.73992674 ,0.33862434 ,0.42225392 ,0.65391015 ,0.32289157 ,0.63698165 ,0.68168168 ,0.15275142 ,0.46666667 ,0.03573495 
enhanced_279-1.png,279,1,21,73,1,0.18867925 ,0.13571429 ,0.00000000 ,0.84042553 ,0.30578512 ,0.01586081 ,0.34920635 ,0.25677603 ,0.00000000 ,1.00000000 ,0.92454113 ,0.00210210 ,0.22814042 ,0.37333333 ,0.03682002 
enhanced_280-0.png,280,0,29,67,0,0.29824561 ,0.26931107 ,0.55339806 ,0.66666667 ,0.09756098 ,0.55590062 ,0.16504854 ,0.29972752 ,0.62779553 ,0.41211401 ,0.73554502 ,0.48633880 ,0.23217923 ,0.25082508 ,0.03895353 
enhanced_280-1.png,280,0,29,68,0,0.16959064 ,0.05393180 ,0.00000000 ,0.86419753 ,0.34959350 ,0.00934783 ,0.34951456 ,0.01362398 ,0.00600639 ,1.00000000 ,0.98578199 ,0.00014754 ,0.07603530 ,0.19471947 ,0.01893173 
enhanced_280-2.png,280,1,30,69,0,0.21052632 ,0.18510786 ,0.50485437 ,0.77777778 ,0.30894309 ,0.59937888 ,0.29126214 ,0.66675749 ,0.59584665 ,0.43824228 ,0.83917852 ,0.45901639 ,0.42634080 ,0.23102310 ,0.05408111 
enhanced_282-0.png,282,0,22,72,1,0.24528302 ,0.65584416 ,0.41573034 ,0.46808511 ,0.45454546 ,0.34981685 ,0.43386243 ,0.35378031 ,0.38935108 ,0.64096386 ,0.78382053 ,0.36636637 ,0.20360531 ,0.59000000 ,0.04405382 
enhanced_282-1.png,282,0,22,73,1,0.18867925 ,0.32792208 ,0.52808989 ,0.76595745 ,0.28099174 ,0.67032967 ,0.49735450 ,0.45078459 ,0.64725458 ,0.48192771 ,0.92454113 ,0.36936937 ,0.53225807 ,0.23333333 ,0.06828704 
enhanced_282-2.png,282,1,23,74,1,0.43396226 ,0.50649351 ,0.74157303 ,0.81914894 ,0.25619835 ,0.75091575 ,0.41798942 ,0.49671897 ,0.67221298 ,0.30602410 ,0.42624065 ,0.66516517 ,0.67077799 ,0.20666667 ,0.06069155 
enhanced_283-0.png,283,0,23,61,1,0.52830189 ,0.53246753 ,0.77528090 ,0.70212766 ,0.28925620 ,0.79120879 ,0.41269841 ,0.58744651 ,0.73544093 ,0.31807229 ,0.63426241 ,0.51351351 ,0.51043643 ,0.12666667 ,0.04369213 
enhanced_283-1.png,283,1,17,62,1,0.18867925 ,0.42402597 ,0.66292135 ,0.82978723 ,0.25619835 ,0.67399267 ,0.32804233 ,0.46676177 ,0.66555740 ,0.44457831 ,0.92454113 ,0.22522523 ,0.46299810 ,0.20000000 ,0.04550058 
enhanced_292-1.png,292,1,30,57,0,0.17543860 ,0.28670842 ,0.44660194 ,0.85185185 ,0.19512195 ,0.55279503 ,0.18446602 ,0.31335150 ,0.60063898 ,0.33135392 ,0.74312796 ,0.59836066 ,0.31839783 ,0.13201320 ,0.01248026 
enhanced_293-1.png,293,1,15,75,1,0.16509434 ,0.42857143 ,0.41573034 ,0.87234043 ,0.23140496 ,0.51648352 ,0.33862434 ,0.34522111 ,0.60898503 ,0.43132530 ,0.63902107 ,0.60210210 ,0.44592030 ,0.67000000 ,0.17173032 
enhanced_295-0.png,295,0,29,62,0,0.16959064 ,0.11621434 ,0.00000000 ,0.60493827 ,0.23577236 ,0.03944099 ,0.26213592 ,0.16076294 ,0.02364217 ,0.96330166 ,0.98578199 ,0.00000000 ,0.59742023 ,0.09900990 ,0.04473760 
enhanced_295-1.png,295,1,28,63,0,0.17543860 ,0.02853166 ,0.00970874 ,0.96296296 ,0.27642276 ,0.03136646 ,0.09708738 ,0.29155313 ,0.02060703 ,0.98551069 ,0.98513744 ,0.00439891 ,0.18913781 ,0.09240924 ,0.01982158 
enhanced_296-0.png,296,0,30,58,0,0.15789474 ,0.17084203 ,0.31067961 ,0.62962963 ,0.34146342 ,0.41614907 ,0.31067961 ,0.32970027 ,0.40415336 ,0.61401425 ,0.77093207 ,0.33333333 ,0.20760353 ,0.36963696 ,0.03850860 
enhanced_296-1.png,296,0,27,59,0,0.12280702 ,0.19624217 ,0.41747573 ,0.62962963 ,0.26016260 ,0.49378882 ,0.17475728 ,0.55940055 ,0.49840256 ,0.50593824 ,0.71911532 ,0.51775956 ,0.38289206 ,0.03300330 ,0.01670708 
enhanced_296-2.png,296,1,30,60,0,0.16959064 ,0.47459986 ,0.63106796 ,0.64197531 ,0.05691057 ,0.60559006 ,0.11650485 ,0.35858311 ,0.62939297 ,0.36342043 ,0.73554502 ,0.56693989 ,0.78343517 ,0.28712871 ,0.03539410 
enhanced_297-1.png,297,0,30,64,0,0.16959064 ,0.25887265 ,0.32038835 ,0.75308642 ,0.22764228 ,0.29440994 ,0.22330097 ,0.43869210 ,0.29392971 ,0.74703088 ,0.98578199 ,0.12199454 ,0.26748133 ,0.10891089 ,0.00000000 
enhanced_297-2.png,297,1,,65,0,0.23391813 ,0.23382046 ,0.41747573 ,0.81481482 ,0.37398374 ,0.38819876 ,0.71844660 ,0.58937330 ,0.54313099 ,0.43467934 ,0.77156398 ,0.59016393 ,0.28105906 ,0.16171617 ,0.00518342 
enhanced_299-1.png,299,1,29,61,0,0.18713450 ,0.04940849 ,0.28155340 ,0.76543210 ,0.20325203 ,0.35403727 ,0.17475728 ,0.51144414 ,0.34345048 ,0.63420428 ,0.84612954 ,0.22131148 ,0.30142566 ,0.40924092 ,0.03049988 
enhanced_302-0.png,302,1,27,57,0,0.16959064 ,0.36325679 ,0.30097087 ,0.83950617 ,0.21138211 ,0.53726708 ,0.36893204 ,0.30790191 ,0.57188498 ,0.46437055 ,0.98578199 ,0.38251366 ,0.29803123 ,0.19801980 ,0.07321305 
enhanced_306-0.png,306,1,27,69,1,0.19339623 ,0.12727273 ,0.57303371 ,0.67021277 ,0.12396694 ,0.75091575 ,0.30687831 ,0.78259629 ,0.60732113 ,0.38313253 ,0.57443916 ,0.55105105 ,0.85768501 ,0.16000000 ,0.04224537 
enhanced_310-0.png,310,1,19,69,1,0.29245283 ,0.62337662 ,0.53932584 ,0.90425532 ,0.37190083 ,0.64468865 ,0.48677249 ,0.29957204 ,0.66555740 ,0.35662651 ,0.61522774 ,0.79279279 ,0.72390892 ,0.07333333 ,0.28855613 
enhanced_311-0.png,311,1,13,57,1,0.16037736 ,0.55844156 ,0.38202247 ,0.87234043 ,0.23966942 ,0.54578755 ,0.37037037 ,0.20827389 ,0.48252912 ,0.65542169 ,0.92454113 ,0.30630631 ,0.33206831 ,0.87666667 ,0.27662037 
enhanced_319-0.png,319,1,13,73,1,0.13679245 ,0.81168831 ,0.67415730 ,0.69148936 ,0.33884298 ,0.68864469 ,0.65608466 ,0.36519258 ,0.70382696 ,0.27831325 ,0.53569001 ,0.78378378 ,0.47248577 ,0.41000000 ,0.34895833 
enhanced_322-1.png,322,0,30,56,0,0.35672515 ,0.05323591 ,0.50485437 ,0.59259259 ,0.17073171 ,0.56832298 ,0.33009709 ,0.37111717 ,0.58626198 ,0.36698337 ,0.52322275 ,0.61885246 ,0.21452817 ,0.04620462 ,0.02315855 
enhanced_322-2.png,322,1,30,57,0,0.18713450 ,0.07132916 ,0.24271845 ,0.85185185 ,0.27642276 ,0.28012422 ,0.26213592 ,0.48746594 ,0.30191693 ,0.68527316 ,0.90995261 ,0.26366120 ,0.28173795 ,0.08910891 ,0.01381504 
enhanced_323-0.png,323,0,30,57,0,0.21052632 ,0.12004175 ,0.53398058 ,0.83950617 ,0.25203252 ,0.62732919 ,0.31067961 ,0.45558583 ,0.65335463 ,0.28741093 ,0.39241706 ,0.65573771 ,0.23896809 ,0.21452145 ,0.02627305 
enhanced_323-1.png,323,1,30,58,0,0.12280702 ,0.01496173 ,0.48543689 ,0.93827161 ,0.26829268 ,0.53105590 ,0.45631068 ,0.47438692 ,0.49840256 ,0.46318290 ,0.59210111 ,0.51639344 ,0.12450781 ,0.00000000 ,0.02582812 
enhanced_332-0.png,332,1,29,50,0,0.16959064 ,0.02226862 ,0.00000000 ,0.85185185 ,0.06504065 ,0.00211801 ,0.06796117 ,1.00000000 ,0.00000000 ,1.00000000 ,0.98578199 ,0.00043169 ,0.21520706 ,0.59075908 ,0.00400436 
enhanced_334-0.png,334,0,20,83,1,0.23113208 ,0.41558442 ,0.70786517 ,0.72340426 ,0.47107438 ,0.80586081 ,0.57671958 ,0.50784593 ,0.58236273 ,0.37951807 ,0.51053705 ,0.57507508 ,0.40512334 ,0.15666667 ,0.07154225 
enhanced_334-1.png,334,1,20,84,1,0.38679245 ,0.21688312 ,0.50561798 ,0.70212766 ,0.47107438 ,0.69230769 ,0.50793651 ,0.61797432 ,0.61896839 ,0.36144578 ,0.24473148 ,0.65315315 ,0.55502846 ,0.08000000 ,0.08745660 
enhanced_336-1.png,336,1,29,50,0,0.29824561 ,0.09359777 ,0.42718447 ,0.85185185 ,0.30894309 ,0.40372671 ,0.50485437 ,0.50217984 ,0.49680511 ,0.44655582 ,0.80631912 ,0.50683060 ,0.36252546 ,0.16501650 ,0.10658272 
enhanced_338-0.png,338,1,30,64,1,0.18867925 ,0.19870130 ,0.00000000 ,0.89361702 ,0.22314050 ,0.01981685 ,0.42328042 ,0.19115549 ,0.00000000 ,1.00000000 ,0.92454113 ,0.00036186 ,0.22784630 ,0.28000000 ,0.02777778 
enhanced_340-0.png,340,1,30,46,0,0.16959064 ,0.13987474 ,0.60194175 ,0.75308642 ,0.13821138 ,0.57763975 ,0.30097087 ,0.45694823 ,0.59265176 ,0.48099763 ,0.98578199 ,0.35928962 ,0.50916497 ,0.17491749 ,0.03005495 
enhanced_341-0.png,341,1,20,87,1,0.33962264 ,0.62987013 ,0.53932584 ,0.77659575 ,0.19834711 ,0.66300366 ,0.34391534 ,0.35378031 ,0.67886855 ,0.40120482 ,0.69136642 ,0.60960961 ,0.16166983 ,0.54666667 ,0.20175058 
enhanced_342-0.png,342,0,22,88,1,0.20283019 ,0.82467533 ,0.52808989 ,0.82978723 ,0.25619835 ,0.68131868 ,0.33333333 ,0.50584879 ,0.66056572 ,0.36626506 ,0.57171992 ,0.72522523 ,0.28434535 ,0.30000000 ,0.04152199 
enhanced_342-1.png,342,1,23,89,1,0.11320755 ,0.39610390 ,0.77528090 ,0.67021277 ,0.28925620 ,0.83150183 ,0.40211640 ,0.58259629 ,0.71547421 ,0.25301205 ,0.53569001 ,0.59909910 ,0.31138520 ,0.31000000 ,0.03284144 
enhanced_343-0.png,343,1,19,66,1,0.08018868 ,0.18051948 ,0.59550562 ,0.73404255 ,0.28925620 ,0.58974359 ,0.37566138 ,0.40513552 ,0.49750416 ,0.54096386 ,0.64649898 ,0.50300300 ,0.53889943 ,0.25666667 ,0.08311632 
enhanced_344-0.png,344,0,23,77,1,0.21698113 ,0.22012987 ,0.59550562 ,0.80851064 ,0.21487603 ,0.67765568 ,0.26984127 ,0.61483595 ,0.59234609 ,0.40000000 ,0.56016315 ,0.72372372 ,0.44592030 ,0.20333333 ,0.04152199 
enhanced_344-2.png,344,1,,79,1,0.09433962 ,0.44285714 ,0.78651685 ,0.84042553 ,0.17355372 ,0.81684982 ,0.28571429 ,0.45791726 ,0.66389351 ,0.30843374 ,0.48334466 ,0.65615616 ,0.23875712 ,0.18000000 ,0.09613715 
enhanced_346-0.png,346,1,19,65,1,0.20283019 ,0.25779221 ,0.34831461 ,0.91489362 ,0.11570248 ,0.45787546 ,0.41798942 ,0.52496434 ,0.46256240 ,0.56144578 ,0.77226377 ,0.28228228 ,0.60626186 ,0.30000000 ,0.02777778 
enhanced_349-0.png,349,0,25,83,1,0.22641509 ,0.40064935 ,0.48314607 ,0.78723404 ,0.26446281 ,0.46886447 ,0.39153439 ,0.40228245 ,0.50415973 ,0.57710843 ,0.77770224 ,0.48648649 ,0.38994307 ,0.53666667 ,0.11458333 
enhanced_349-1.png,349,1,20,84,1,0.17924528 ,0.35844156 ,0.57303371 ,0.67021277 ,0.25619835 ,0.62271062 ,0.35449735 ,0.34236805 ,0.57237937 ,0.47349398 ,0.54996601 ,0.54954955 ,0.66888046 ,0.30666667 ,0.11892361 
enhanced_350-0.png,350,0,19,80,1,0.33962264 ,0.40844156 ,0.96629214 ,0.73404255 ,0.23966942 ,0.82417582 ,0.49735450 ,0.51041370 ,0.90016639 ,0.10602410 ,0.44459551 ,0.78378378 ,0.28851992 ,0.19333333 ,0.21187789 
enhanced_350-1.png,350,1,15,81,1,0.33962264 ,0.56493507 ,0.73033708 ,0.75531915 ,0.76033058 ,0.81684982 ,0.64550265 ,0.62938659 ,0.76539102 ,0.20963855 ,0.51461591 ,0.83783784 ,0.23874763 ,0.14000000 ,0.24623843 
enhanced_354-0.png,354,1,23,60,1,0.21698113 ,0.35259740 ,0.76404494 ,0.87234043 ,0.24793388 ,0.76556777 ,0.37037037 ,0.83908702 ,0.64059900 ,0.33855422 ,0.59143440 ,0.66216216 ,0.55597723 ,0.21333333 ,0.03428819 
enhanced_355-0.png,355,0,24,85,1,0.19339623 ,0.14545455 ,0.38202247 ,0.85106383 ,0.23140496 ,0.45054945 ,0.42857143 ,0.57403709 ,0.45424293 ,0.61927711 ,0.89592114 ,0.17867868 ,0.53130930 ,0.33000000 ,0.05490451 
enhanced_355-1.png,355,1,23,86,1,0.38679245 ,0.39675325 ,0.74157303 ,0.97872340 ,0.64462810 ,0.79487180 ,0.48677249 ,0.67246790 ,0.74542429 ,0.14698795 ,0.31747111 ,0.83483484 ,0.37001898 ,0.05666667 ,0.04658565 
enhanced_356-0.png,356,0,20,57,1,0.22641509 ,0.35064935 ,0.32584270 ,0.79787234 ,0.14049587 ,0.49816850 ,0.33862434 ,0.51982882 ,0.52745424 ,0.49277108 ,0.69544528 ,0.50900901 ,0.32760911 ,0.27000000 ,0.12073206 
enhanced_356-1.png,356,1,18,58,1,0.19339623 ,0.21883117 ,0.28089888 ,0.89361702 ,0.14876033 ,0.36996337 ,0.35978836 ,0.48045649 ,0.39767055 ,0.63253012 ,0.81781101 ,0.22372372 ,0.41366224 ,0.43666667 ,1.00000000 
enhanced_357-0.png,357,1,24,67,1,0.13207547 ,0.43441558 ,0.97752809 ,0.69148936 ,0.19008265 ,0.79853480 ,0.36507937 ,0.67845934 ,0.83860233 ,0.22048193 ,0.51053705 ,0.56906907 ,0.26888046 ,0.07000000 ,0.03175637 
enhanced_358-0.png,358,0,18,60,1,0.18867925 ,0.17467533 ,0.20224719 ,0.86170213 ,0.04132231 ,0.30000000 ,0.25925926 ,0.44222539 ,0.29950083 ,0.74216868 ,0.92454113 ,0.06336336 ,0.31091082 ,0.11333333 ,0.21368634 
enhanced_358-1.png,358,1,11,61,1,0.05188679 ,0.39545455 ,0.74157303 ,0.80851064 ,0.31404959 ,0.76923077 ,0.32804233 ,0.55292439 ,0.73377704 ,0.25301205 ,0.74439157 ,0.66516517 ,0.33301708 ,0.41000000 ,0.07913773 
enhanced_360-0.png,360,1,18,75,1,0.19339623 ,0.59740260 ,0.29213483 ,0.94680851 ,0.09090909 ,0.48351648 ,0.29100529 ,0.49957204 ,0.41430948 ,0.62048193 ,0.81713120 ,0.27927928 ,0.33681214 ,0.30666667 ,0.06792535 
enhanced_361-0.png,361,1,19,78,1,0.10377359 ,0.44805195 ,0.48314607 ,0.68085106 ,0.08264463 ,0.52380952 ,0.28042328 ,0.30242511 ,0.49084859 ,0.55783133 ,0.87892590 ,0.42942943 ,0.51233397 ,0.46666667 ,0.04767072 
enhanced_362-0.png,362,0,10,74,1,0.18867925 ,0.48051948 ,0.56179775 ,0.93617021 ,0.07438017 ,0.72161172 ,0.00000000 ,0.51754636 ,0.69384359 ,0.42289157 ,0.92454113 ,0.21021021 ,0.46299810 ,0.26000000 ,0.32400174 
enhanced_362-1.png,362,1,15,75,1,0.19339623 ,0.29805195 ,0.35955056 ,0.94680851 ,0.17355372 ,0.39926740 ,0.38095238 ,0.60770328 ,0.39267887 ,0.63012048 ,0.86832087 ,0.17267267 ,0.25151803 ,0.20000000 ,0.07841435 
enhanced_368-0.png,368,1,19,68,1,0.18396226 ,0.57142857 ,0.65168539 ,0.85106383 ,0.35537190 ,0.46153846 ,0.36507937 ,0.33380885 ,0.47920133 ,0.66867470 ,0.92982325 ,0.21471472 ,0.47343454 ,0.37000000 ,0.03030961 
enhanced_369-0.png,369,1,22,73,1,0.11320755 ,0.36038961 ,0.34831461 ,0.61702128 ,0.36363636 ,0.41758242 ,0.29629630 ,0.53751783 ,0.55740433 ,0.49277108 ,0.69136642 ,0.51651652 ,0.24601518 ,0.15666667 ,0.04947917 
enhanced_450-0.png,450,0,24,74,1,0.19811321 ,0.07207792 ,0.57303371 ,0.84042553 ,0.44628099 ,0.53113553 ,0.39153439 ,0.40228245 ,0.54076539 ,0.48674699 ,0.56288239 ,0.55705706 ,0.21812144 ,0.08666667 ,0.02162905 
enhanced_450-1.png,450,1,20,75,1,0.24528302 ,0.50000000 ,0.57303371 ,0.74468085 ,0.29752066 ,0.73626374 ,0.45502646 ,0.46562054 ,0.80199667 ,0.25903615 ,0.66417403 ,0.73123123 ,0.41176471 ,0.47333333 ,0.18077257 
enhanced_458-0.png,458,1,18,85,1,0.19339623 ,0.14220779 ,0.28089888 ,0.88297872 ,0.29752066 ,0.26666667 ,0.50264550 ,0.51840228 ,0.27287854 ,0.73012048 ,0.87110809 ,0.18168168 ,0.48197344 ,0.55666667 ,0.05345776 
enhanced_461-0.png,461,1,20,85,1,0.11792453 ,0.36233766 ,0.67415730 ,0.68085106 ,0.23966942 ,0.56776557 ,0.35449735 ,0.43651926 ,0.56738769 ,0.48072289 ,0.78653977 ,0.51651652 ,0.27381404 ,0.25000000 ,0.05779803 
enhanced_465-0.png,465,1,22,75,1,0.18867925 ,0.66233766 ,0.31460674 ,0.89361702 ,0.31404959 ,0.22673993 ,0.34920635 ,0.13409415 ,0.23294509 ,0.87228916 ,0.92473012 ,0.15615616 ,0.46774194 ,0.47000000 ,0.01421441 
enhanced_466-0.png,466,0,22,78,1,0.23584906 ,0.19025974 ,0.51685393 ,0.69148936 ,0.24793388 ,0.61172161 ,0.39682540 ,0.48131241 ,0.53410982 ,0.49036145 ,0.51733515 ,0.60060060 ,0.28007590 ,0.06000000 ,0.04803241 
enhanced_466-1.png,466,1,21,79,1,0.12264151 ,0.83766234 ,0.42696629 ,0.87234043 ,0.23140496 ,0.54945055 ,0.39153439 ,0.21968616 ,0.67221298 ,0.39518072 ,0.81713120 ,0.69369369 ,0.25332068 ,0.62000000 ,0.15870949 
enhanced_472-0.png,472,1,21,83,1,0.24528302 ,0.14155844 ,0.35955056 ,0.77659575 ,0.33884298 ,0.38095238 ,0.46031746 ,0.14550642 ,0.50249584 ,0.54578313 ,0.82528892 ,0.51051051 ,0.36717268 ,0.57666667 ,0.23611111 
enhanced_488-0.png,488,0,20,64,1,0.19339623 ,0.39415584 ,0.22471910 ,0.90425532 ,0.33884298 ,0.41025641 ,0.43915344 ,0.60798859 ,0.40931780 ,0.63012048 ,0.86614548 ,0.29429429 ,0.45825427 ,0.53000000 ,0.42129630 
enhanced_488-1.png,488,1,17,65,1,0.18867925 ,0.41883117 ,0.13483146 ,0.92553192 ,0.23966942 ,0.19340659 ,0.30687831 ,0.43651926 ,0.20299501 ,0.83734940 ,0.92454113 ,0.05270270 ,0.17390892 ,0.20333333 ,0.07805266 
enhanced_492-0.png,492,1,20,70,1,0.29245283 ,0.27792208 ,0.40449438 ,0.19148936 ,0.69421488 ,0.56043956 ,0.66666667 ,0.60370899 ,0.49584027 ,0.49759036 ,0.46906866 ,0.58858859 ,0.34914611 ,0.06333333 ,0.04730903 
enhanced_497-0.png,497,0,20,70,1,0.19811321 ,0.39090909 ,0.78651685 ,0.76595745 ,0.18181818 ,0.73626374 ,0.46031746 ,0.49158345 ,0.79700499 ,0.23734940 ,0.47110809 ,0.52702703 ,0.24174573 ,0.39333333 ,0.02669271 
enhanced_497-1.png,497,1,12,71,1,0.19811321 ,0.63636364 ,0.62921348 ,0.72340426 ,0.21487603 ,0.71062271 ,0.30158730 ,0.56291013 ,0.72878536 ,0.34216868 ,0.81441197 ,0.54204204 ,0.60721063 ,0.26333333 ,0.07226563 
enhanced_504-0.png,504,1,10,78,1,0.21698113 ,0.21038961 ,0.34831461 ,0.89361702 ,0.16528926 ,0.58974359 ,0.32275132 ,0.65049929 ,0.43760399 ,0.55542169 ,0.75798776 ,0.37387387 ,0.64516129 ,0.26000000 ,0.05562789 
enhanced_508-0.png,508,0,13,81,1,0.33962264 ,0.15324675 ,0.59550562 ,0.48936170 ,0.34710744 ,0.75457876 ,0.41798942 ,0.61711840 ,0.62895175 ,0.36746988 ,0.49898029 ,0.63213213 ,0.41555977 ,0.22333333 ,0.27010995 
enhanced_508-1.png,508,1,13,82,1,0.38679245 ,0.20714286 ,0.64044944 ,0.62765957 ,0.39669422 ,0.76556777 ,0.37037037 ,0.65049929 ,0.62229617 ,0.27951807 ,0.56356220 ,0.68918919 ,0.77514232 ,0.47666667 ,0.03537326 
enhanced_511-0.png,511,1,10,75,1,0.23113208 ,0.16948052 ,0.37078652 ,0.78723404 ,0.25619835 ,0.57875458 ,0.42857143 ,0.46704708 ,0.57237937 ,0.47469880 ,0.74099252 ,0.63813814 ,0.27400380 ,0.17333333 ,0.11241319 
enhanced_515-1.png,515,1,12,78,1,0.19811321 ,0.17987013 ,0.38202247 ,0.86170213 ,0.33057851 ,0.38827839 ,0.43386243 ,0.73121255 ,0.48585691 ,0.57590361 ,0.83888511 ,0.26126126 ,0.32106262 ,0.34333333 ,0.07769097 
enhanced_526-1.png,526,1,13,79,1,0.29245283 ,0.27922078 ,0.84269663 ,0.73404255 ,0.28099174 ,0.94871795 ,0.34391534 ,0.70014265 ,0.72212978 ,0.14698795 ,0.39225017 ,0.93693694 ,0.38140418 ,0.12666667 ,0.03935185 
enhanced_527-0.png,527,0,15,78,1,0.24528302 ,0.31168831 ,0.30337079 ,0.50000000 ,0.29752066 ,0.54578755 ,0.40211640 ,0.46961484 ,0.55407654 ,0.39518072 ,0.50781781 ,0.60810811 ,0.25085389 ,0.14000000 ,0.13302951 
enhanced_527-1.png,527,1,15,79,1,0.18396226 ,0.37272727 ,0.64044944 ,0.80851064 ,0.16528926 ,0.73992674 ,0.35978836 ,0.65677603 ,0.78702163 ,0.20843374 ,0.58599592 ,0.67267267 ,0.69070209 ,0.14000000 ,0.13990162 
enhanced_528-0.png,528,1,27,67,1,0.18867925 ,0.18961039 ,0.58426966 ,0.88297872 ,0.02479339 ,0.66666667 ,0.35449735 ,0.79286733 ,0.50748752 ,0.50722892 ,0.76886472 ,0.31081081 ,0.38804554 ,0.33000000 ,0.19560185 
enhanced_530-0.png,530,1,17,83,1,0.13207547 ,0.16623377 ,0.31460674 ,0.70212766 ,0.33884298 ,0.43223443 ,0.38624339 ,0.40228245 ,0.47420965 ,0.54216868 ,0.67912984 ,0.47297297 ,0.26119545 ,0.15000000 ,0.10734954 
enhanced_544-0.png,544,0,25,70,1,0.19339623 ,0.33766234 ,0.28089888 ,0.87234043 ,0.47933884 ,0.21904762 ,0.73544974 ,0.29671897 ,0.34775374 ,0.74698795 ,0.92454113 ,0.13213213 ,0.57874763 ,0.14333333 ,0.09794560 
enhanced_544-1.png,544,1,23,71,1,0.18867925 ,0.08766234 ,0.00000000 ,0.93617021 ,0.17355372 ,0.00000000 ,0.28042328 ,0.11697575 ,0.00000000 ,1.00000000 ,0.92454113 ,0.00000000 ,0.51897533 ,0.19000000 ,0.41044560 
enhanced_559-0.png,559,1,30,79,1,0.18867925 ,0.41688312 ,0.67415730 ,0.73404255 ,0.28925620 ,0.74725275 ,0.40740741 ,0.59686163 ,0.63893511 ,0.33855422 ,0.50509857 ,0.68768769 ,0.85199241 ,0.08666667 ,0.11313657 
enhanced_562-0.png,562,1,11,85,1,0.29245283 ,0.73376623 ,0.68539326 ,0.92553192 ,0.23140496 ,0.80586081 ,0.32275132 ,0.60941512 ,0.74043261 ,0.29518072 ,0.64242012 ,0.71771772 ,0.69829222 ,0.34000000 ,0.22489873 
enhanced_563-0.png,563,1,15,83,1,0.17452830 ,0.20519481 ,0.56179775 ,0.71276596 ,0.27272727 ,0.72893773 ,0.25925926 ,0.58459344 ,0.69217970 ,0.28674699 ,0.26920462 ,0.69969970 ,0.31565465 ,0.23666667 ,0.10771123 
enhanced_573-0.png,573,1,26,67,1,0.23584906 ,0.39805195 ,0.73033708 ,0.70212766 ,0.22314050 ,0.75091575 ,0.42328042 ,0.77917261 ,0.57903494 ,0.44337349 ,0.56560163 ,0.50000000 ,0.57115750 ,0.12000000 ,0.11241319 
enhanced_578-0.png,578,1,29,57,1,0.33962264 ,0.22597403 ,0.85393258 ,0.77659575 ,0.38016529 ,0.96703297 ,0.35978836 ,0.53124108 ,0.92179701 ,0.00000000 ,0.39428960 ,0.62312312 ,0.20275142 ,0.17666667 ,0.02922454 
enhanced_579-0.png,579,1,18,85,1,0.18396226 ,0.59090909 ,0.44943820 ,0.94680851 ,0.27272727 ,0.59340659 ,0.39682540 ,0.52810271 ,0.52412646 ,0.53614458 ,0.92454113 ,0.46246246 ,0.26214421 ,0.58000000 ,0.18909144 
enhanced_581-0.png,581,1,17,75,1,0.23584906 ,0.55194805 ,0.59550562 ,0.68085106 ,0.44628099 ,0.60805861 ,0.41269841 ,0.35663338 ,0.56905158 ,0.44457831 ,0.60774983 ,0.67717718 ,0.42030361 ,0.17666667 ,0.06213831 
enhanced_585-0.png,585,1,,82,1,0.17452830 ,0.19025974 ,0.46067416 ,0.69148936 ,0.24793388 ,0.42857143 ,0.32804233 ,0.41940086 ,0.45091514 ,0.59156627 ,0.71651938 ,0.38138138 ,0.18927894 ,0.39000000 ,0.09469039 
enhanced_587-0.png,587,1,19,65,1,0.17452830 ,0.04220779 ,0.60674157 ,0.81914894 ,0.17355372 ,0.65567766 ,0.32804233 ,0.50955778 ,0.60399334 ,0.37590361 ,0.32834806 ,0.70570571 ,0.54743833 ,0.14666667 ,0.07298901 
enhanced_591-0.png,591,1,20,70,1,0.33962264 ,0.46753247 ,0.71910112 ,0.78723404 ,0.21487603 ,0.74725275 ,0.35449735 ,0.46676177 ,0.69550749 ,0.30361446 ,0.54520734 ,0.61261261 ,0.20493359 ,0.19666667 ,0.06503183 
enhanced_592-0.png,592,1,14,73,1,0.16509434 ,0.07727273 ,0.57303371 ,0.53191489 ,0.42148760 ,0.66666667 ,0.48148148 ,0.80114123 ,0.62895175 ,0.42048193 ,0.65533651 ,0.65015015 ,0.43833017 ,0.09333333 ,0.00307436 
enhanced_594-0.png,594,1,27,49,1,0.19339623 ,0.68181818 ,0.52808989 ,0.81914894 ,0.28099174 ,0.70695971 ,0.33862434 ,0.44793153 ,0.71713810 ,0.35903615 ,0.64242012 ,0.56306306 ,0.67741936 ,0.31666667 ,0.08420139 
enhanced_595-0.png,595,1,16,75,1,0.23113208 ,0.33506494 ,0.57303371 ,0.76595745 ,0.21487603 ,0.64102564 ,0.37566138 ,0.54037090 ,0.64392679 ,0.36987952 ,0.76818491 ,0.63813814 ,0.74667932 ,0.38666667 ,0.03067130 
enhanced_601-0.png,601,1,22,81,1,0.18867925 ,0.10649351 ,0.22471910 ,0.93617021 ,0.06611570 ,0.26813187 ,0.24867725 ,0.41940086 ,0.26455907 ,0.79879518 ,0.91774303 ,0.17417417 ,0.10151803 ,0.32333333 ,0.09469039 
enhanced_607-0.png,607,1,13,79,1,0.24528302 ,0.68831169 ,0.64044944 ,0.80851064 ,0.16528926 ,0.87545788 ,0.31746032 ,0.56462197 ,0.82529118 ,0.14939759 ,0.70768185 ,0.72672673 ,0.73814042 ,0.24000000 ,0.13809317 
enhanced_609-0.png,609,1,12,70,1,0.10849057 ,0.47987013 ,0.38202247 ,0.71276596 ,0.17355372 ,0.46520147 ,0.31216931 ,0.29671897 ,0.56405990 ,0.48192771 ,0.76274643 ,0.51501502 ,0.39658444 ,0.33333333 ,0.23791956 
enhanced_610-0.png,610,1,20,66,1,0.11320755 ,0.36883117 ,0.51685393 ,0.68085106 ,0.17355372 ,0.68131868 ,0.27513228 ,0.41084166 ,0.65224626 ,0.42289157 ,0.73691366 ,0.53003003 ,0.29962049 ,0.16000000 ,0.08311632 
enhanced_612-0.png,612,1,28,65,0,0.19883041 ,0.19867780 ,0.56310680 ,0.81481482 ,0.15447155 ,0.63975155 ,0.09708738 ,0.25613079 ,0.68690096 ,0.26959620 ,0.57124803 ,0.65573771 ,0.14775967 ,0.11221122 ,0.03027741 
enhanced_615-0.png,615,1,16,76,1,0.18867925 ,0.22987013 ,0.00000000 ,0.92553192 ,0.28099174 ,0.00388278 ,0.40211640 ,0.33380885 ,0.12096506 ,0.90891566 ,0.92454113 ,0.00000000 ,0.20673624 ,0.13333333 ,0.17100694 
enhanced_620-0.png,620,1,24,83,1,0.48113208 ,0.48701299 ,0.73033708 ,0.76595745 ,0.26446281 ,0.74725275 ,0.40211640 ,0.40513552 ,0.72545757 ,0.34698795 ,0.66621346 ,0.64564565 ,0.27969640 ,0.32000000 ,0.04658565 
enhanced_624-0.png,624,1,18,60,1,0.17452830 ,0.65584416 ,0.64044944 ,0.90425532 ,0.40495868 ,0.71428571 ,0.40740741 ,0.45363766 ,0.69550749 ,0.33132530 ,0.53772944 ,0.70870871 ,0.62998103 ,0.22333333 ,0.06901042 
enhanced_627-0.png,627,1,28,72,0,0.23976608 ,0.30062631 ,0.57281553 ,0.91358025 ,0.16260163 ,0.67391304 ,0.26213592 ,0.50844687 ,0.67412141 ,0.34916865 ,0.76903634 ,0.53688525 ,0.32043449 ,0.16831683 ,0.10391315 
enhanced_631-0.png,631,1,29,74,0,0.17543860 ,0.15935978 ,0.10679612 ,0.90123457 ,0.25203252 ,0.20248447 ,0.39805825 ,0.56594005 ,0.17412141 ,0.83135392 ,0.97510269 ,0.18032787 ,0.19945689 ,0.72937294 ,0.02916509 
enhanced_635-0.png,635,1,17,73,1,0.21698113 ,0.53896104 ,0.58426966 ,0.88297872 ,0.42975207 ,0.59340659 ,0.48677249 ,0.34807418 ,0.78036606 ,0.26867470 ,0.76274643 ,0.89789790 ,0.50379507 ,0.10000000 ,0.34895833 
enhanced_636-0.png,636,1,14,77,1,0.20283019 ,0.48701299 ,0.37078652 ,0.89361702 ,0.14049587 ,0.49450550 ,0.26984127 ,0.39657632 ,0.55906822 ,0.51325301 ,0.89252209 ,0.49099099 ,0.63472486 ,0.60666667 ,0.16594329 
enhanced_639-0.png,639,1,26,78,1,0.24528302 ,0.53896104 ,0.41573034 ,0.82978723 ,0.19008265 ,0.43223443 ,0.31216931 ,0.24536377 ,0.50582363 ,0.53734940 ,0.79877634 ,0.53153153 ,0.37191651 ,0.64333333 ,0.09830729 
enhanced_642-0.png,642,1,17,78,1,0.19339623 ,0.30519481 ,0.67415730 ,0.76595745 ,0.29752066 ,0.84249084 ,0.46560847 ,0.69443652 ,0.69717138 ,0.41927711 ,0.92454113 ,0.42042042 ,0.68500949 ,0.21333333 ,0.04586227 
enhanced_648-0.png,648,1,18,78,1,0.19339623 ,0.61038961 ,0.49438202 ,0.75531915 ,0.27272727 ,0.65201465 ,0.42857143 ,0.53352354 ,0.65890183 ,0.44096386 ,0.92454113 ,0.46096096 ,0.49715370 ,0.28666667 ,0.09541377 
enhanced_656-0.png,656,1,29,59,1,0.18867925 ,0.15000000 ,0.13483146 ,0.91489362 ,0.14049587 ,0.19706960 ,0.31746032 ,0.44507846 ,0.24625624 ,0.78915663 ,0.92454113 ,0.07642643 ,0.31916509 ,0.27333333 ,0.02307581 
enhanced_657-0.png,657,1,17,74,1,0.19339623 ,0.14220779 ,0.15730337 ,0.89361702 ,0.10743802 ,0.22014652 ,0.32804233 ,0.43366619 ,0.24459235 ,0.79638554 ,0.91665534 ,0.12402402 ,0.27675522 ,0.18666667 ,0.22489873 
enhanced_660-0.png,660,1,12,70,1,0.18867925 ,0.18441558 ,0.06741573 ,0.90425532 ,0.00000000 ,0.13846154 ,0.35978836 ,0.44507846 ,0.14109817 ,0.87951807 ,0.92454113 ,0.00039189 ,0.24402277 ,0.19666667 ,0.10843461 
enhanced_661-0.png,661,1,29,75,0,0.47368421 ,0.12560891 ,0.49514563 ,0.86419753 ,0.21951220 ,0.49689441 ,0.36893204 ,0.40000000 ,0.52875399 ,0.36223278 ,0.50552923 ,0.60928962 ,0.49015614 ,0.19801980 ,0.01581722 
enhanced_668-0.png,668,1,29,61,0,0.35672515 ,0.15414057 ,0.52427185 ,0.56790124 ,0.26829268 ,0.56521739 ,0.49514563 ,0.48283379 ,0.58785943 ,0.42636580 ,0.80315956 ,0.65027322 ,0.31228785 ,0.19801980 ,0.02338102 
enhanced_672-0.png,672,1,18,78,1,0.19339623 ,0.41038961 ,0.34831461 ,0.88297872 ,0.09090909 ,0.42857143 ,0.31746032 ,0.32239658 ,0.45424293 ,0.59638554 ,0.83684568 ,0.42342342 ,0.30426945 ,0.48666667 ,0.37427662 
enhanced_674-0.png,674,1,8,79,1,0.18867925 ,0.34805195 ,0.33707865 ,0.95744681 ,0.14876033 ,0.28351648 ,0.30158730 ,0.38231098 ,0.27454243 ,0.78313253 ,0.92123725 ,0.16066066 ,0.27685010 ,0.56000000 ,0.07552083 
enhanced_676-0.png,676,1,24,72,1,0.18867925 ,0.30129870 ,0.06741573 ,0.87234043 ,0.38016529 ,0.04395604 ,0.37037037 ,0.39087019 ,0.05324459 ,0.95397590 ,0.92454113 ,0.00744745 ,0.17144213 ,0.08000000 ,0.15256076 
enhanced_686-0.png,686,1,30,78,0,0.47368421 ,0.19206681 ,0.76699029 ,0.82716049 ,0.16260163 ,0.81366460 ,0.26213592 ,0.44386921 ,0.72204473 ,0.11757720 ,0.12006319 ,0.87295082 ,0.19993211 ,0.06600660 ,0.01514983 
enhanced_689-0.png,689,1,13,78,1,0.20283019 ,0.49350649 ,0.50561798 ,0.88297872 ,0.26446281 ,0.65201465 ,0.42857143 ,0.41940086 ,0.68718802 ,0.41084337 ,0.89415364 ,0.61261261 ,0.39658444 ,0.82333333 ,0.30266204 
enhanced_695-0.png,695,1,16,83,1,0.29245283 ,0.36753247 ,0.69662921 ,0.63829787 ,0.22314050 ,0.88278388 ,0.36507937 ,0.51583452 ,0.65058236 ,0.29879518 ,0.46023114 ,0.67117117 ,0.27599621 ,0.26333333 ,0.09396701 
enhanced_698-0.png,698,1,12,78,1,0.23584906 ,0.88961039 ,0.47191011 ,0.87234043 ,0.14049587 ,0.55677656 ,0.35449735 ,0.42225392 ,0.63893511 ,0.41084337 ,0.70088375 ,0.68618619 ,0.32457306 ,0.59666667 ,0.24623843 
enhanced_703-0.png,703,1,13,73,1,0.19339623 ,0.43311688 ,0.26966292 ,1.00000000 ,0.17355372 ,0.30622711 ,0.53439153 ,0.59714693 ,0.32778702 ,0.71566265 ,0.86070700 ,0.25075075 ,0.28956357 ,0.80000000 ,0.21296296 
enhanced_704-0.png,704,1,23,50,1,0.23113208 ,0.62337662 ,0.59550562 ,0.75531915 ,0.16528926 ,0.70329670 ,0.33333333 ,0.38231098 ,0.80698835 ,0.26144578 ,0.73895309 ,0.85885886 ,0.70588235 ,0.50666667 ,0.30700232 
enhanced_705-0.png,705,1,13,71,1,0.21698113 ,0.63636364 ,0.70786517 ,0.90425532 ,0.26446281 ,0.83516484 ,0.26455027 ,0.42796006 ,0.83527454 ,0.21325301 ,0.54180829 ,0.88888889 ,0.51802657 ,0.27666667 ,0.29796007 
enhanced_707-0.png,707,1,21,74,1,0.20754717 ,0.42792208 ,0.71910112 ,0.95744681 ,0.09917355 ,0.78021978 ,0.21164021 ,0.61283880 ,0.78369384 ,0.21566265 ,0.61250850 ,0.65315315 ,0.45730550 ,0.26666667 ,0.08275463 
enhanced_714-0.png,714,1,18,79,1,0.18867925 ,0.47987013 ,0.44943820 ,0.88297872 ,0.19008265 ,0.53846154 ,0.26455027 ,0.31383738 ,0.60565724 ,0.45421687 ,0.68116927 ,0.66666667 ,0.25825427 ,0.16000000 ,0.32400174 
